FREQ,FREQ_LABEL,REF_AREA,REF_AREA_LABEL,INDICATOR,INDICATOR_LABEL,UNIT_MEASURE,UNIT_MEASURE_LABEL,DATABASE_ID,DATABASE_ID_LABEL,UNIT_MULT,UNIT_MULT_LABEL,OBS_STATUS,OBS_STATUS_LABEL,OBS_CONF,OBS_CONF_LABEL,2007,2008,2009,2010,2011,2012,2013,2014,2015,2016,2017
A,Annual,AGO,Angola,WEF_GCIHH_GCI_B_05,5th pillar: Higher education and training,1_TO_7,1-7 scale,WEF_GCIHH,Global Competitiveness Index (GCI) - Historical Dataset,0,Units,A,Normal value,PU,Public,,,,2.13,1.91,,2.07,1.94,,,
A,Annual,AGO,Angola,WEF_GCIHH_GCI_B_05,5th pillar: Higher education and training,RANK,Rank,WEF_GCIHH,Global Competitiveness Index (GCI) - Historical Dataset,0,Units,A,Normal value,PU,Public,,,,138.0,142.0,,147.0,144.0,,,
A,Annual,ALB,Albania,WEF_GCIHH_GCI_B_05,5th pillar: Higher education and training,1_TO_7,1-7 scale,WEF_GCIHH,Global Competitiveness Index (GCI) - Historical Dataset,0,Units,A,Normal value,PU,Public,3.15,3.4,3.55,3.86,3.97,4.11,4.17,4.53,4.74,4.9,4.77
A,Annual,ALB,Albania,WEF_GCIHH_GCI_B_05,5th pillar: Higher education and training,RANK,Rank,WEF_GCIHH,Global Competitiveness Index (GCI) - Historical Dataset,0,Units,A,Normal value,PU,Public,103.0,97.0,90.0,84.0,82.0,76.0,78.0,60.0,47.0,42.0,49.0
A,Annual,ARE,United Arab Emirates,WEF_GCIHH_GCI_B_05,5th pillar: Higher education and training,1_TO_7,1-7 scale,WEF_GCIHH,Global Competitiveness Index (GCI) - Historical Dataset,0,Units,A,Normal value,PU,Public,4.11,4.48,4.8,4.8,4.84,4.9,4.93,5.9,4.97,5.07,5.05
A,Annual,ARE,United Arab Emirates,WEF_GCIHH_GCI_B_05,5th pillar: Higher education and training,RANK,Rank,WEF_GCIHH,Global Competitiveness Index (GCI) - Historical Dataset,0,Units,A,Normal value,PU,Public,58.0,41.0,29.0,36.0,33.0,37.0,35.0,6.0,37.0,34.0,36.0
A,Annual,ARG,Argentina,WEF_GCIHH_GCI_B_05,5th pillar: Higher education and training,1_TO_7,1-7 scale,WEF_GCIHH,Global Competitiveness Index (GCI) - Historical Dataset,0,Units,A,Normal value,PU,Public,4.22,4.14,4.2,4.46,4.48,4.59,4.62,4.83,4.89,4.96,5.0
A,Annual,ARG,Argentina,WEF_GCIHH_GCI_B_05,5th pillar: Higher education and training,RANK,Rank,WEF_GCIHH,Global Competitiveness Index (GCI) - Historical Dataset,0,Units,A,Normal value,PU,Public,51.0,56.0,55.0,55.0,54.0,53.0,49.0,45.0,39.0,40.0,38.0
A,Annual,ARM,Armenia,WEF_GCIHH_GCI_B_05,5th pillar: Higher education and training,1_TO_7,1-7 scale,WEF_GCIHH,Global Competitiveness Index (GCI) - Historical Dataset,0,Units,A,Normal value,PU,Public,3.35,3.43,3.46,3.66,4.01,4.22,4.18,4.2,4.26,4.38,4.42
A,Annual,ARM,Armenia,WEF_GCIHH_GCI_B_05,5th pillar: Higher education and training,RANK,Rank,WEF_GCIHH,Global Competitiveness Index (GCI) - Historical Dataset,0,Units,A,Normal value,PU,Public,95.0,94.0,96.0,91.0,76.0,70.0,77.0,75.0,72.0,71.0,69.0
A,Annual,AUS,Australia,WEF_GCIHH_GCI_B_05,5th pillar: Higher education and training,1_TO_7,1-7 scale,WEF_GCIHH,Global Competitiveness Index (GCI) - Historical Dataset,0,Units,A,Normal value,PU,Public,5.46,5.44,5.33,5.53,5.62,5.64,5.51,5.67,5.84,5.91,5.88
A,Annual,AUS,Australia,WEF_GCIHH_GCI_B_05,5th pillar: Higher education and training,RANK,Rank,WEF_GCIHH,Global Competitiveness Index (GCI) - Historical Dataset,0,Units,A,Normal value,PU,Public,14.0,14.0,14.0,14.0,11.0,11.0,15.0,11.0,8.0,9.0,9.0
A,Annual,AUT,Austria,WEF_GCIHH_GCI_B_05,5th pillar: Higher education and training,1_TO_7,1-7 scale,WEF_GCIHH,Global Competitiveness Index (GCI) - Historical Dataset,0,Units,A,Normal value,PU,Public,5.4,5.28,5.19,5.38,5.38,5.48,5.57,5.56,5.58,5.76,5.68
A,Annual,AUT,Austria,WEF_GCIHH_GCI_B_05,5th pillar: Higher education and training,RANK,Rank,WEF_GCIHH,Global Competitiveness Index (GCI) - Historical Dataset,0,Units,A,Normal value,PU,Public,17.0,17.0,17.0,16.0,18.0,18.0,13.0,15.0,16.0,12.0,16.0
A,Annual,AZE,Azerbaijan,WEF_GCIHH_GCI_B_05,5th pillar: Higher education and training,1_TO_7,1-7 scale,WEF_GCIHH,Global Competitiveness Index (GCI) - Historical Dataset,0,Units,A,Normal value,PU,Public,3.51,3.76,3.88,3.96,4.01,3.91,4.0,3.9,3.9,4.16,4.46
A,Annual,AZE,Azerbaijan,WEF_GCIHH_GCI_B_05,5th pillar: Higher education and training,RANK,Rank,WEF_GCIHH,Global Competitiveness Index (GCI) - Historical Dataset,0,Units,A,Normal value,PU,Public,89.0,80.0,72.0,77.0,75.0,89.0,87.0,90.0,89.0,78.0,68.0
A,Annual,BDI,Burundi,WEF_GCIHH_GCI_B_05,5th pillar: Higher education and training,1_TO_7,1-7 scale,WEF_GCIHH,Global Competitiveness Index (GCI) - Historical Dataset,0,Units,A,Normal value,PU,Public,2.16,2.55,2.51,2.03,1.99,1.98,2.03,2.14,2.14,2.29,2.62
A,Annual,BDI,Burundi,WEF_GCIHH_GCI_B_05,5th pillar: Higher education and training,RANK,Rank,WEF_GCIHH,Global Competitiveness Index (GCI) - Historical Dataset,0,Units,A,Normal value,PU,Public,130.0,130.0,131.0,139.0,140.0,143.0,148.0,142.0,139.0,134.0,131.0
A,Annual,BEL,Belgium,WEF_GCIHH_GCI_B_05,5th pillar: Higher education and training,1_TO_7,1-7 scale,WEF_GCIHH,Global Competitiveness Index (GCI) - Historical Dataset,0,Units,A,Normal value,PU,Public,5.57,5.63,5.52,5.71,5.75,5.81,5.83,5.93,5.94,5.99,5.82
A,Annual,BEL,Belgium,WEF_GCIHH_GCI_B_05,5th pillar: Higher education and training,RANK,Rank,WEF_GCIHH,Global Competitiveness Index (GCI) - Historical Dataset,0,Units,A,Normal value,PU,Public,11.0,6.0,8.0,7.0,5.0,4.0,5.0,5.0,5.0,5.0,11.0
A,Annual,BEN,Benin,WEF_GCIHH_GCI_B_05,5th pillar: Higher education and training,1_TO_7,1-7 scale,WEF_GCIHH,Global Competitiveness Index (GCI) - Historical Dataset,0,Units,A,Normal value,PU,Public,2.84,3.0,2.97,3.18,3.24,3.07,2.95,,2.93,3.09,3.13
A,Annual,BEN,Benin,WEF_GCIHH_GCI_B_05,5th pillar: Higher education and training,RANK,Rank,WEF_GCIHH,Global Competitiveness Index (GCI) - Historical Dataset,0,Units,A,Normal value,PU,Public,114.0,114.0,115.0,112.0,111.0,120.0,123.0,,121.0,117.0,114.0
A,Annual,BFA,Burkina Faso,WEF_GCIHH_GCI_B_05,5th pillar: Higher education and training,1_TO_7,1-7 scale,WEF_GCIHH,Global Competitiveness Index (GCI) - Historical Dataset,0,Units,A,Normal value,PU,Public,2.5,2.71,2.62,2.45,2.52,2.5,2.39,2.42,,,
A,Annual,BFA,Burkina Faso,WEF_GCIHH_GCI_B_05,5th pillar: Higher education and training,RANK,Rank,WEF_GCIHH,Global Competitiveness Index (GCI) - Historical Dataset,0,Units,A,Normal value,PU,Public,125.0,124.0,127.0,135.0,135.0,137.0,141.0,136.0,,,
A,Annual,BGD,Bangladesh,WEF_GCIHH_GCI_B_05,5th pillar: Higher education and training,1_TO_7,1-7 scale,WEF_GCIHH,Global Competitiveness Index (GCI) - Historical Dataset,0,Units,A,Normal value,PU,Public,2.47,2.51,2.57,2.77,2.81,2.88,2.83,2.86,2.86,3.04,3.1
A,Annual,BGD,Bangladesh,WEF_GCIHH_GCI_B_05,5th pillar: Higher education and training,RANK,Rank,WEF_GCIHH,Global Competitiveness Index (GCI) - Historical Dataset,0,Units,A,Normal value,PU,Public,126.0,131.0,129.0,126.0,126.0,126.0,127.0,125.0,122.0,118.0,117.0
A,Annual,BGR,Bulgaria,WEF_GCIHH_GCI_B_05,5th pillar: Higher education and training,1_TO_7,1-7 scale,WEF_GCIHH,Global Competitiveness Index (GCI) - Historical Dataset,0,Units,A,Normal value,PU,Public,3.99,4.09,4.11,4.14,4.16,4.31,4.25,4.49,4.48,4.64,4.62
A,Annual,BGR,Bulgaria,WEF_GCIHH_GCI_B_05,5th pillar: Higher education and training,RANK,Rank,WEF_GCIHH,Global Competitiveness Index (GCI) - Historical Dataset,0,Units,A,Normal value,PU,Public,66.0,61.0,60.0,67.0,70.0,63.0,69.0,63.0,64.0,56.0,54.0
A,Annual,BHR,Bahrain,WEF_GCIHH_GCI_B_05,5th pillar: Higher education and training,1_TO_7,1-7 scale,WEF_GCIHH,Global Competitiveness Index (GCI) - Historical Dataset,0,Units,A,Normal value,PU,Public,4.08,4.22,4.37,4.64,5.0,4.93,4.52,4.66,4.82,4.9,4.99
A,Annual,BHR,Bahrain,WEF_GCIHH_GCI_B_05,5th pillar: Higher education and training,RANK,Rank,WEF_GCIHH,Global Competitiveness Index (GCI) - Historical Dataset,0,Units,A,Normal value,PU,Public,59.0,54.0,48.0,44.0,28.0,34.0,53.0,55.0,44.0,44.0,39.0
A,Annual,BIH,Bosnia and Herzegovina,WEF_GCIHH_GCI_B_05,5th pillar: Higher education and training,1_TO_7,1-7 scale,WEF_GCIHH,Global Competitiveness Index (GCI) - Historical Dataset,0,Units,A,Normal value,PU,Public,3.26,3.13,3.68,3.8,3.91,4.18,4.3,,3.77,4.02,3.98
A,Annual,BIH,Bosnia and Herzegovina,WEF_GCIHH_GCI_B_05,5th pillar: Higher education and training,RANK,Rank,WEF_GCIHH,Global Competitiveness Index (GCI) - Historical Dataset,0,Units,A,Normal value,PU,Public,98.0,109.0,86.0,88.0,86.0,72.0,63.0,,97.0,92.0,91.0
A,Annual,BLZ,Belize,WEF_GCIHH_GCI_B_05,5th pillar: Higher education and training,1_TO_7,1-7 scale,WEF_GCIHH,Global Competitiveness Index (GCI) - Historical Dataset,0,Units,A,Normal value,PU,Public,,,,,3.2,,,,,,
A,Annual,BLZ,Belize,WEF_GCIHH_GCI_B_05,5th pillar: Higher education and training,RANK,Rank,WEF_GCIHH,Global Competitiveness Index (GCI) - Historical Dataset,0,Units,A,Normal value,PU,Public,,,,,112.0,,,,,,
A,Annual,BOL,Bolivia,WEF_GCIHH_GCI_B_05,5th pillar: Higher education and training,1_TO_7,1-7 scale,WEF_GCIHH,Global Competitiveness Index (GCI) - Historical Dataset,0,Units,A,Normal value,PU,Public,3.42,3.41,3.51,3.58,3.68,3.83,3.79,3.73,3.7,3.77,
A,Annual,BOL,Bolivia,WEF_GCIHH_GCI_B_05,5th pillar: Higher education and training,RANK,Rank,WEF_GCIHH,Global Competitiveness Index (GCI) - Historical Dataset,0,Units,A,Normal value,PU,Public,91.0,96.0,93.0,100.0,95.0,92.0,93.0,97.0,101.0,100.0,
A,Annual,BRA,Brazil,WEF_GCIHH_GCI_B_05,5th pillar: Higher education and training,1_TO_7,1-7 scale,WEF_GCIHH,Global Competitiveness Index (GCI) - Historical Dataset,0,Units,A,Normal value,PU,Public,4.01,4.12,4.14,4.29,4.35,4.27,4.22,4.92,3.85,4.11,4.21
A,Annual,BRA,Brazil,WEF_GCIHH_GCI_B_05,5th pillar: Higher education and training,RANK,Rank,WEF_GCIHH,Global Competitiveness Index (GCI) - Historical Dataset,0,Units,A,Normal value,PU,Public,64.0,58.0,58.0,58.0,57.0,66.0,72.0,41.0,93.0,84.0,79.0
A,Annual,BRB,Barbados,WEF_GCIHH_GCI_B_05,5th pillar: Higher education and training,1_TO_7,1-7 scale,WEF_GCIHH,Global Competitiveness Index (GCI) - Historical Dataset,0,Units,A,Normal value,PU,Public,4.65,4.76,4.91,4.97,5.08,5.38,5.29,5.22,,5.16,
A,Annual,BRB,Barbados,WEF_GCIHH_GCI_B_05,5th pillar: Higher education and training,RANK,Rank,WEF_GCIHH,Global Competitiveness Index (GCI) - Historical Dataset,0,Units,A,Normal value,PU,Public,32.0,29.0,26.0,27.0,25.0,19.0,20.0,30.0,,29.0,
A,Annual,BRN,Brunei Darussalam,WEF_GCIHH_GCI_B_05,5th pillar: Higher education and training,1_TO_7,1-7 scale,WEF_GCIHH,Global Competitiveness Index (GCI) - Historical Dataset,0,Units,A,Normal value,PU,Public,,3.93,4.06,4.21,4.25,4.4,4.52,,,4.48,4.47
A,Annual,BRN,Brunei Darussalam,WEF_GCIHH_GCI_B_05,5th pillar: Higher education and training,RANK,Rank,WEF_GCIHH,Global Competitiveness Index (GCI) - Historical Dataset,0,Units,A,Normal value,PU,Public,,69.0,62.0,64.0,61.0,57.0,55.0,,,65.0,67.0
A,Annual,BTN,Bhutan,WEF_GCIHH_GCI_B_05,5th pillar: Higher education and training,1_TO_7,1-7 scale,WEF_GCIHH,Global Competitiveness Index (GCI) - Historical Dataset,0,Units,A,Normal value,PU,Public,,,,,,,3.44,3.45,3.58,3.84,4.01
A,Annual,BTN,Bhutan,WEF_GCIHH_GCI_B_05,5th pillar: Higher education and training,RANK,Rank,WEF_GCIHH,Global Competitiveness Index (GCI) - Historical Dataset,0,Units,A,Normal value,PU,Public,,,,,,,107.0,108.0,103.0,98.0,90.0
A,Annual,BWA,Botswana,WEF_GCIHH_GCI_B_05,5th pillar: Higher education and training,1_TO_7,1-7 scale,WEF_GCIHH,Global Competitiveness Index (GCI) - Historical Dataset,0,Units,A,Normal value,PU,Public,3.49,3.66,3.51,3.64,3.72,3.74,3.56,3.59,3.73,4.07,3.84
A,Annual,BWA,Botswana,WEF_GCIHH_GCI_B_05,5th pillar: Higher education and training,RANK,Rank,WEF_GCIHH,Global Competitiveness Index (GCI) - Historical Dataset,0,Units,A,Normal value,PU,Public,90.0,87.0,94.0,94.0,93.0,95.0,99.0,101.0,100.0,88.0,96.0
A,Annual,CAN,Canada,WEF_GCIHH_GCI_B_05,5th pillar: Higher education and training,1_TO_7,1-7 scale,WEF_GCIHH,Global Competitiveness Index (GCI) - Historical Dataset,0,Units,A,Normal value,PU,Public,5.49,5.52,5.5,5.66,5.59,5.57,5.46,5.5,5.52,5.54,5.77
A,Annual,CAN,Canada,WEF_GCIHH_GCI_B_05,5th pillar: Higher education and training,RANK,Rank,WEF_GCIHH,Global Competitiveness Index (GCI) - Historical Dataset,0,Units,A,Normal value,PU,Public,13.0,9.0,9.0,8.0,12.0,15.0,16.0,18.0,19.0,19.0,13.0
A,Annual,CHE,Switzerland,WEF_GCIHH_GCI_B_05,5th pillar: Higher education and training,1_TO_7,1-7 scale,WEF_GCIHH,Global Competitiveness Index (GCI) - Historical Dataset,0,Units,A,Normal value,PU,Public,5.63,5.6,5.6,5.79,5.8,5.9,5.88,5.98,6.0,6.03,6.07
A,Annual,CHE,Switzerland,WEF_GCIHH_GCI_B_05,5th pillar: Higher education and training,RANK,Rank,WEF_GCIHH,Global Competitiveness Index (GCI) - Historical Dataset,0,Units,A,Normal value,PU,Public,7.0,7.0,6.0,4.0,3.0,3.0,4.0,4.0,4.0,4.0,5.0
A,Annual,CHL,Chile,WEF_GCIHH_GCI_B_05,5th pillar: Higher education and training,1_TO_7,1-7 scale,WEF_GCIHH,Global Competitiveness Index (GCI) - Historical Dataset,0,Units,A,Normal value,PU,Public,4.41,4.34,4.4,4.63,4.67,4.72,4.87,5.09,5.03,5.2,5.25
A,Annual,CHL,Chile,WEF_GCIHH_GCI_B_05,5th pillar: Higher education and training,RANK,Rank,WEF_GCIHH,Global Competitiveness Index (GCI) - Historical Dataset,0,Units,A,Normal value,PU,Public,42.0,50.0,45.0,45.0,43.0,46.0,38.0,32.0,33.0,28.0,26.0
A,Annual,CHN,China,WEF_GCIHH_GCI_B_05,5th pillar: Higher education and training,1_TO_7,1-7 scale,WEF_GCIHH,Global Competitiveness Index (GCI) - Historical Dataset,0,Units,A,Normal value,PU,Public,3.77,4.05,4.09,4.24,4.34,4.32,4.23,4.42,4.33,4.64,4.78
A,Annual,CHN,China,WEF_GCIHH_GCI_B_05,5th pillar: Higher education and training,RANK,Rank,WEF_GCIHH,Global Competitiveness Index (GCI) - Historical Dataset,0,Units,A,Normal value,PU,Public,78.0,64.0,61.0,60.0,58.0,62.0,70.0,65.0,68.0,54.0,47.0
A,Annual,CIV,Cote d'Ivoire,WEF_GCIHH_GCI_B_05,5th pillar: Higher education and training,1_TO_7,1-7 scale,WEF_GCIHH,Global Competitiveness Index (GCI) - Historical Dataset,0,Units,A,Normal value,PU,Public,,3.11,3.13,3.02,2.96,2.99,3.03,3.12,3.36,3.36,
A,Annual,CIV,Cote d'Ivoire,WEF_GCIHH_GCI_B_05,5th pillar: Higher education and training,RANK,Rank,WEF_GCIHH,Global Competitiveness Index (GCI) - Historical Dataset,0,Units,A,Normal value,PU,Public,,112.0,112.0,116.0,124.0,123.0,121.0,121.0,108.0,109.0,
A,Annual,CMR,Cameroon,WEF_GCIHH_GCI_B_05,5th pillar: Higher education and training,1_TO_7,1-7 scale,WEF_GCIHH,Global Competitiveness Index (GCI) - Historical Dataset,0,Units,A,Normal value,PU,Public,2.84,2.78,2.82,3.0,3.16,3.25,3.25,3.22,3.24,3.43,3.52
A,Annual,CMR,Cameroon,WEF_GCIHH_GCI_B_05,5th pillar: Higher education and training,RANK,Rank,WEF_GCIHH,Global Competitiveness Index (GCI) - Historical Dataset,0,Units,A,Normal value,PU,Public,113.0,121.0,119.0,117.0,115.0,115.0,112.0,117.0,114.0,105.0,103.0
A,Annual,COD,"Congo, Dem. Rep.",WEF_GCIHH_GCI_B_05,5th pillar: Higher education and training,1_TO_7,1-7 scale,WEF_GCIHH,Global Competitiveness Index (GCI) - Historical Dataset,0,Units,A,Normal value,PU,Public,,,,,,,,,,2.77,2.75
A,Annual,COD,"Congo, Dem. Rep.",WEF_GCIHH_GCI_B_05,5th pillar: Higher education and training,RANK,Rank,WEF_GCIHH,Global Competitiveness Index (GCI) - Historical Dataset,0,Units,A,Normal value,PU,Public,,,,,,,,,,128.0,127.0
A,Annual,COL,Colombia,WEF_GCIHH_GCI_B_05,5th pillar: Higher education and training,1_TO_7,1-7 scale,WEF_GCIHH,Global Competitiveness Index (GCI) - Historical Dataset,0,Units,A,Normal value,PU,Public,3.88,3.96,3.89,4.09,4.27,4.27,4.33,4.37,4.3,4.39,4.5
A,Annual,COL,Colombia,WEF_GCIHH_GCI_B_05,5th pillar: Higher education and training,RANK,Rank,WEF_GCIHH,Global Competitiveness Index (GCI) - Historical Dataset,0,Units,A,Normal value,PU,Public,69.0,68.0,71.0,69.0,60.0,67.0,60.0,69.0,70.0,70.0,66.0
A,Annual,CPV,Cabo Verde,WEF_GCIHH_GCI_B_05,5th pillar: Higher education and training,1_TO_7,1-7 scale,WEF_GCIHH,Global Competitiveness Index (GCI) - Historical Dataset,0,Units,A,Normal value,PU,Public,,,,3.25,3.48,3.65,3.71,3.91,4.08,4.15,4.06
A,Annual,CPV,Cabo Verde,WEF_GCIHH_GCI_B_05,5th pillar: Higher education and training,RANK,Rank,WEF_GCIHH,Global Competitiveness Index (GCI) - Historical Dataset,0,Units,A,Normal value,PU,Public,,,,109.0,102.0,99.0,94.0,89.0,81.0,79.0,86.0
A,Annual,CRI,Costa Rica,WEF_GCIHH_GCI_B_05,5th pillar: Higher education and training,1_TO_7,1-7 scale,WEF_GCIHH,Global Competitiveness Index (GCI) - Historical Dataset,0,Units,A,Normal value,PU,Public,4.24,4.35,4.42,4.64,4.65,4.78,5.01,5.0,4.97,5.07,5.13
A,Annual,CRI,Costa Rica,WEF_GCIHH_GCI_B_05,5th pillar: Higher education and training,RANK,Rank,WEF_GCIHH,Global Competitiveness Index (GCI) - Historical Dataset,0,Units,A,Normal value,PU,Public,50.0,49.0,44.0,43.0,47.0,41.0,33.0,37.0,35.0,35.0,31.0
A,Annual,CYP,Cyprus,WEF_GCIHH_GCI_B_05,5th pillar: Higher education and training,1_TO_7,1-7 scale,WEF_GCIHH,Global Competitiveness Index (GCI) - Historical Dataset,0,Units,A,Normal value,PU,Public,4.46,4.68,4.81,4.91,4.7,4.98,5.01,5.06,4.88,4.64,4.86
A,Annual,CYP,Cyprus,WEF_GCIHH_GCI_B_05,5th pillar: Higher education and training,RANK,Rank,WEF_GCIHH,Global Competitiveness Index (GCI) - Historical Dataset,0,Units,A,Normal value,PU,Public,38.0,32.0,28.0,29.0,39.0,32.0,32.0,33.0,41.0,55.0,46.0
A,Annual,CZE,Czechia,WEF_GCIHH_GCI_B_05,5th pillar: Higher education and training,1_TO_7,1-7 scale,WEF_GCIHH,Global Competitiveness Index (GCI) - Historical Dataset,0,Units,A,Normal value,PU,Public,4.85,4.98,5.05,5.11,4.95,4.87,4.85,5.02,5.1,5.2,5.25
A,Annual,CZE,Czechia,WEF_GCIHH_GCI_B_05,5th pillar: Higher education and training,RANK,Rank,WEF_GCIHH,Global Competitiveness Index (GCI) - Historical Dataset,0,Units,A,Normal value,PU,Public,28.0,25.0,24.0,24.0,30.0,38.0,39.0,35.0,29.0,27.0,27.0
A,Annual,DEU,Germany,WEF_GCIHH_GCI_B_05,5th pillar: Higher education and training,1_TO_7,1-7 scale,WEF_GCIHH,Global Competitiveness Index (GCI) - Historical Dataset,0,Units,A,Normal value,PU,Public,5.33,5.15,5.07,5.33,5.73,5.8,5.9,5.55,5.57,5.63,5.7
A,Annual,DEU,Germany,WEF_GCIHH_GCI_B_05,5th pillar: Higher education and training,RANK,Rank,WEF_GCIHH,Global Competitiveness Index (GCI) - Historical Dataset,0,Units,A,Normal value,PU,Public,20.0,21.0,22.0,19.0,7.0,5.0,3.0,16.0,17.0,16.0,15.0
A,Annual,DNK,Denmark,WEF_GCIHH_GCI_B_05,5th pillar: Higher education and training,1_TO_7,1-7 scale,WEF_GCIHH,Global Competitiveness Index (GCI) - Historical Dataset,0,Units,A,Normal value,PU,Public,5.96,5.98,5.9,5.84,5.75,5.59,5.54,5.68,5.79,5.95,5.97
A,Annual,DNK,Denmark,WEF_GCIHH_GCI_B_05,5th pillar: Higher education and training,RANK,Rank,WEF_GCIHH,Global Competitiveness Index (GCI) - Historical Dataset,0,Units,A,Normal value,PU,Public,3.0,2.0,2.0,3.0,6.0,14.0,14.0,10.0,9.0,6.0,6.0
A,Annual,DOM,Dominican Republic,WEF_GCIHH_GCI_B_05,5th pillar: Higher education and training,1_TO_7,1-7 scale,WEF_GCIHH,Global Competitiveness Index (GCI) - Historical Dataset,0,Units,A,Normal value,PU,Public,3.24,3.36,3.56,3.59,3.56,3.69,3.65,3.69,3.8,3.94,3.93
A,Annual,DOM,Dominican Republic,WEF_GCIHH_GCI_B_05,5th pillar: Higher education and training,RANK,Rank,WEF_GCIHH,Global Competitiveness Index (GCI) - Historical Dataset,0,Units,A,Normal value,PU,Public,99.0,99.0,89.0,99.0,99.0,97.0,96.0,99.0,96.0,95.0,93.0
A,Annual,DZA,Algeria,WEF_GCIHH_GCI_B_05,5th pillar: Higher education and training,1_TO_7,1-7 scale,WEF_GCIHH,Global Competitiveness Index (GCI) - Historical Dataset,0,Units,A,Normal value,PU,Public,3.39,3.28,3.3,3.59,3.51,3.38,3.55,3.69,3.75,3.87,3.95
A,Annual,DZA,Algeria,WEF_GCIHH_GCI_B_05,5th pillar: Higher education and training,RANK,Rank,WEF_GCIHH,Global Competitiveness Index (GCI) - Historical Dataset,0,Units,A,Normal value,PU,Public,94.0,102.0,102.0,98.0,101.0,108.0,101.0,98.0,99.0,96.0,92.0
A,Annual,ECU,Ecuador,WEF_GCIHH_GCI_B_05,5th pillar: Higher education and training,1_TO_7,1-7 scale,WEF_GCIHH,Global Competitiveness Index (GCI) - Historical Dataset,0,Units,A,Normal value,PU,Public,2.92,2.96,3.25,3.65,3.85,3.84,4.22,,4.33,4.34,4.25
A,Annual,ECU,Ecuador,WEF_GCIHH_GCI_B_05,5th pillar: Higher education and training,RANK,Rank,WEF_GCIHH,Global Competitiveness Index (GCI) - Historical Dataset,0,Units,A,Normal value,PU,Public,111.0,115.0,103.0,92.0,90.0,91.0,71.0,,67.0,73.0,77.0
A,Annual,EGY,"Egypt, Arab Rep.",WEF_GCIHH_GCI_B_05,5th pillar: Higher education and training,1_TO_7,1-7 scale,WEF_GCIHH,Global Competitiveness Index (GCI) - Historical Dataset,0,Units,A,Normal value,PU,Public,3.68,3.56,3.62,3.59,3.44,3.32,3.08,3.27,3.25,3.27,3.6
A,Annual,EGY,"Egypt, Arab Rep.",WEF_GCIHH_GCI_B_05,5th pillar: Higher education and training,RANK,Rank,WEF_GCIHH,Global Competitiveness Index (GCI) - Historical Dataset,0,Units,A,Normal value,PU,Public,80.0,91.0,88.0,97.0,107.0,109.0,118.0,111.0,111.0,112.0,100.0
A,Annual,ESP,Spain,WEF_GCIHH_GCI_B_05,5th pillar: Higher education and training,1_TO_7,1-7 scale,WEF_GCIHH,Global Competitiveness Index (GCI) - Historical Dataset,0,Units,A,Normal value,PU,Public,4.75,4.75,4.69,4.85,4.9,5.02,5.19,5.23,5.08,5.14,5.2
A,Annual,ESP,Spain,WEF_GCIHH_GCI_B_05,5th pillar: Higher education and training,RANK,Rank,WEF_GCIHH,Global Competitiveness Index (GCI) - Historical Dataset,0,Units,A,Normal value,PU,Public,31.0,30.0,33.0,31.0,32.0,29.0,26.0,29.0,30.0,31.0,28.0
A,Annual,EST,Estonia,WEF_GCIHH_GCI_B_05,5th pillar: Higher education and training,1_TO_7,1-7 scale,WEF_GCIHH,Global Competitiveness Index (GCI) - Historical Dataset,0,Units,A,Normal value,PU,Public,5.18,5.23,5.11,5.17,5.15,5.17,5.22,5.49,5.5,5.54,5.52
A,Annual,EST,Estonia,WEF_GCIHH_GCI_B_05,5th pillar: Higher education and training,RANK,Rank,WEF_GCIHH,Global Competitiveness Index (GCI) - Historical Dataset,0,Units,A,Normal value,PU,Public,23.0,19.0,21.0,22.0,23.0,25.0,23.0,20.0,20.0,18.0,19.0
A,Annual,ETH,Ethiopia,WEF_GCIHH_GCI_B_05,5th pillar: Higher education and training,1_TO_7,1-7 scale,WEF_GCIHH,Global Competitiveness Index (GCI) - Historical Dataset,0,Units,A,Normal value,PU,Public,2.55,2.68,2.67,2.72,2.68,2.67,2.55,2.63,2.74,2.79,2.77
A,Annual,ETH,Ethiopia,WEF_GCIHH_GCI_B_05,5th pillar: Higher education and training,RANK,Rank,WEF_GCIHH,Global Competitiveness Index (GCI) - Historical Dataset,0,Units,A,Normal value,PU,Public,124.0,126.0,125.0,129.0,132.0,134.0,137.0,131.0,129.0,127.0,125.0
A,Annual,FIN,Finland,WEF_GCIHH_GCI_B_05,5th pillar: Higher education and training,1_TO_7,1-7 scale,WEF_GCIHH,Global Competitiveness Index (GCI) - Historical Dataset,0,Units,A,Normal value,PU,Public,6.01,6.07,5.97,6.06,6.09,6.18,6.27,6.22,6.13,6.16,6.18
A,Annual,FIN,Finland,WEF_GCIHH_GCI_B_05,5th pillar: Higher education and training,RANK,Rank,WEF_GCIHH,Global Competitiveness Index (GCI) - Historical Dataset,0,Units,A,Normal value,PU,Public,1.0,1.0,1.0,1.0,1.0,1.0,1.0,1.0,2.0,2.0,2.0
A,Annual,FRA,France,WEF_GCIHH_GCI_B_05,5th pillar: Higher education and training,1_TO_7,1-7 scale,WEF_GCIHH,Global Competitiveness Index (GCI) - Historical Dataset,0,Units,A,Normal value,PU,Public,5.38,5.37,5.3,5.36,5.24,5.14,5.21,5.26,5.3,5.46,5.41
A,Annual,FRA,France,WEF_GCIHH_GCI_B_05,5th pillar: Higher education and training,RANK,Rank,WEF_GCIHH,Global Competitiveness Index (GCI) - Historical Dataset,0,Units,A,Normal value,PU,Public,18.0,16.0,15.0,17.0,20.0,27.0,24.0,28.0,25.0,21.0,22.0
A,Annual,GAB,Gabon,WEF_GCIHH_GCI_B_05,5th pillar: Higher education and training,1_TO_7,1-7 scale,WEF_GCIHH,Global Competitiveness Index (GCI) - Historical Dataset,0,Units,A,Normal value,PU,Public,,,,,,3.05,2.62,2.78,2.78,2.98,
A,Annual,GAB,Gabon,WEF_GCIHH_GCI_B_05,5th pillar: Higher education and training,RANK,Rank,WEF_GCIHH,Global Competitiveness Index (GCI) - Historical Dataset,0,Units,A,Normal value,PU,Public,,,,,,122.0,135.0,126.0,125.0,121.0,
A,Annual,GBR,United Kingdom,WEF_GCIHH_GCI_B_05,5th pillar: Higher education and training,1_TO_7,1-7 scale,WEF_GCIHH,Global Competitiveness Index (GCI) - Historical Dataset,0,Units,A,Normal value,PU,Public,5.42,5.27,5.17,5.34,5.47,5.57,5.45,5.5,5.56,5.54,5.48
A,Annual,GBR,United Kingdom,WEF_GCIHH_GCI_B_05,5th pillar: Higher education and training,RANK,Rank,WEF_GCIHH,Global Competitiveness Index (GCI) - Historical Dataset,0,Units,A,Normal value,PU,Public,15.0,18.0,18.0,18.0,16.0,16.0,17.0,19.0,18.0,20.0,20.0
A,Annual,GEO,Georgia,WEF_GCIHH_GCI_B_05,5th pillar: Higher education and training,1_TO_7,1-7 scale,WEF_GCIHH,Global Competitiveness Index (GCI) - Historical Dataset,0,Units,A,Normal value,PU,Public,3.59,3.72,3.7,3.74,3.87,3.82,3.79,3.89,4.0,4.06,4.02
A,Annual,GEO,Georgia,WEF_GCIHH_GCI_B_05,5th pillar: Higher education and training,RANK,Rank,WEF_GCIHH,Global Competitiveness Index (GCI) - Historical Dataset,0,Units,A,Normal value,PU,Public,86.0,84.0,84.0,90.0,88.0,93.0,92.0,92.0,87.0,89.0,87.0
A,Annual,GHA,Ghana,WEF_GCIHH_GCI_B_05,5th pillar: Higher education and training,1_TO_7,1-7 scale,WEF_GCIHH,Global Competitiveness Index (GCI) - Historical Dataset,0,Units,A,Normal value,PU,Public,,3.12,3.2,3.27,3.35,3.4,3.42,3.46,3.57,3.77,3.67
A,Annual,GHA,Ghana,WEF_GCIHH_GCI_B_05,5th pillar: Higher education and training,RANK,Rank,WEF_GCIHH,Global Competitiveness Index (GCI) - Historical Dataset,0,Units,A,Normal value,PU,Public,,111.0,108.0,108.0,109.0,107.0,108.0,106.0,104.0,99.0,98.0
A,Annual,GIN,Guinea,WEF_GCIHH_GCI_B_05,5th pillar: Higher education and training,1_TO_7,1-7 scale,WEF_GCIHH,Global Competitiveness Index (GCI) - Historical Dataset,0,Units,A,Normal value,PU,Public,,,,,,2.6,2.42,2.19,2.19,,2.91
A,Annual,GIN,Guinea,WEF_GCIHH_GCI_B_05,5th pillar: Higher education and training,RANK,Rank,WEF_GCIHH,Global Competitiveness Index (GCI) - Historical Dataset,0,Units,A,Normal value,PU,Public,,,,,,136.0,140.0,140.0,137.0,,122.0
A,Annual,GMB,"Gambia, The",WEF_GCIHH_GCI_B_05,5th pillar: Higher education and training,1_TO_7,1-7 scale,WEF_GCIHH,Global Competitiveness Index (GCI) - Historical Dataset,0,Units,A,Normal value,PU,Public,2.96,3.21,3.36,3.5,3.62,3.77,3.48,3.45,3.85,3.39,3.44
A,Annual,GMB,"Gambia, The",WEF_GCIHH_GCI_B_05,5th pillar: Higher education and training,RANK,Rank,WEF_GCIHH,Global Competitiveness Index (GCI) - Historical Dataset,0,Units,A,Normal value,PU,Public,110.0,105.0,100.0,103.0,97.0,94.0,106.0,107.0,91.0,108.0,109.0
A,Annual,GRC,Greece,WEF_GCIHH_GCI_B_05,5th pillar: Higher education and training,1_TO_7,1-7 scale,WEF_GCIHH,Global Competitiveness Index (GCI) - Historical Dataset,0,Units,A,Normal value,PU,Public,4.44,4.52,4.43,4.67,4.66,4.74,4.81,4.84,4.84,4.87,4.87
A,Annual,GRC,Greece,WEF_GCIHH_GCI_B_05,5th pillar: Higher education and training,RANK,Rank,WEF_GCIHH,Global Competitiveness Index (GCI) - Historical Dataset,0,Units,A,Normal value,PU,Public,39.0,38.0,43.0,42.0,46.0,43.0,41.0,44.0,43.0,45.0,44.0
A,Annual,GTM,Guatemala,WEF_GCIHH_GCI_B_05,5th pillar: Higher education and training,1_TO_7,1-7 scale,WEF_GCIHH,Global Competitiveness Index (GCI) - Historical Dataset,0,Units,A,Normal value,PU,Public,3.17,3.27,3.34,3.47,3.52,3.52,3.51,3.56,3.62,3.61,3.67
A,Annual,GTM,Guatemala,WEF_GCIHH_GCI_B_05,5th pillar: Higher education and training,RANK,Rank,WEF_GCIHH,Global Competitiveness Index (GCI) - Historical Dataset,0,Units,A,Normal value,PU,Public,101.0,103.0,101.0,104.0,100.0,104.0,105.0,103.0,102.0,102.0,99.0
A,Annual,GUY,Guyana,WEF_GCIHH_GCI_B_05,5th pillar: Higher education and training,1_TO_7,1-7 scale,WEF_GCIHH,Global Competitiveness Index (GCI) - Historical Dataset,0,Units,A,Normal value,PU,Public,3.29,3.74,3.81,3.91,3.99,3.97,4.1,4.12,4.12,,
A,Annual,GUY,Guyana,WEF_GCIHH_GCI_B_05,5th pillar: Higher education and training,RANK,Rank,WEF_GCIHH,Global Competitiveness Index (GCI) - Historical Dataset,0,Units,A,Normal value,PU,Public,97.0,81.0,78.0,81.0,79.0,87.0,81.0,82.0,74.0,,
A,Annual,HKG,"Hong Kong SAR, China",WEF_GCIHH_GCI_B_05,5th pillar: Higher education and training,1_TO_7,1-7 scale,WEF_GCIHH,Global Competitiveness Index (GCI) - Historical Dataset,0,Units,A,Normal value,PU,Public,4.97,4.78,4.74,4.94,5.13,5.26,5.24,5.44,5.63,5.66,5.7
A,Annual,HKG,"Hong Kong SAR, China",WEF_GCIHH_GCI_B_05,5th pillar: Higher education and training,RANK,Rank,WEF_GCIHH,Global Competitiveness Index (GCI) - Historical Dataset,0,Units,A,Normal value,PU,Public,26.0,28.0,31.0,28.0,24.0,22.0,22.0,22.0,13.0,14.0,14.0
A,Annual,HND,Honduras,WEF_GCIHH_GCI_B_05,5th pillar: Higher education and training,1_TO_7,1-7 scale,WEF_GCIHH,Global Competitiveness Index (GCI) - Historical Dataset,0,Units,A,Normal value,PU,Public,3.3,3.43,3.22,3.35,3.36,3.43,3.32,3.63,3.81,3.63,3.56
A,Annual,HND,Honduras,WEF_GCIHH_GCI_B_05,5th pillar: Higher education and training,RANK,Rank,WEF_GCIHH,Global Competitiveness Index (GCI) - Historical Dataset,0,Units,A,Normal value,PU,Public,96.0,93.0,106.0,106.0,108.0,106.0,110.0,100.0,94.0,101.0,102.0
A,Annual,HRV,Croatia,WEF_GCIHH_GCI_B_05,5th pillar: Higher education and training,1_TO_7,1-7 scale,WEF_GCIHH,Global Competitiveness Index (GCI) - Historical Dataset,0,Units,A,Normal value,PU,Public,4.31,4.35,4.2,4.35,4.41,4.47,4.53,4.67,4.62,4.7,4.54
A,Annual,HRV,Croatia,WEF_GCIHH_GCI_B_05,5th pillar: Higher education and training,RANK,Rank,WEF_GCIHH,Global Competitiveness Index (GCI) - Historical Dataset,0,Units,A,Normal value,PU,Public,46.0,48.0,56.0,56.0,56.0,56.0,51.0,53.0,51.0,49.0,60.0
A,Annual,HTI,Haiti,WEF_GCIHH_GCI_B_05,5th pillar: Higher education and training,1_TO_7,1-7 scale,WEF_GCIHH,Global Competitiveness Index (GCI) - Historical Dataset,0,Units,A,Normal value,PU,Public,,,,,1.98,1.9,2.77,3.43,3.39,,2.65
A,Annual,HTI,Haiti,WEF_GCIHH_GCI_B_05,5th pillar: Higher education and training,RANK,Rank,WEF_GCIHH,Global Competitiveness Index (GCI) - Historical Dataset,0,Units,A,Normal value,PU,Public,,,,,141.0,144.0,128.0,109.0,107.0,,129.0
A,Annual,HUN,Hungary,WEF_GCIHH_GCI_B_05,5th pillar: Higher education and training,1_TO_7,1-7 scale,WEF_GCIHH,Global Competitiveness Index (GCI) - Historical Dataset,0,Units,A,Normal value,PU,Public,4.64,4.51,4.63,4.81,4.66,4.67,4.72,4.68,4.56,4.36,4.33
A,Annual,HUN,Hungary,WEF_GCIHH_GCI_B_05,5th pillar: Higher education and training,RANK,Rank,WEF_GCIHH,Global Competitiveness Index (GCI) - Historical Dataset,0,Units,A,Normal value,PU,Public,33.0,40.0,35.0,34.0,45.0,49.0,44.0,52.0,57.0,72.0,73.0
A,Annual,IDN,Indonesia,WEF_GCIHH_GCI_B_05,5th pillar: Higher education and training,1_TO_7,1-7 scale,WEF_GCIHH,Global Competitiveness Index (GCI) - Historical Dataset,0,Units,A,Normal value,PU,Public,4.0,3.88,3.91,4.18,4.16,4.17,4.3,4.53,4.45,4.5,4.52
A,Annual,IDN,Indonesia,WEF_GCIHH_GCI_B_05,5th pillar: Higher education and training,RANK,Rank,WEF_GCIHH,Global Competitiveness Index (GCI) - Historical Dataset,0,Units,A,Normal value,PU,Public,65.0,71.0,69.0,66.0,69.0,73.0,64.0,61.0,65.0,63.0,64.0
A,Annual,IND,India,WEF_GCIHH_GCI_B_05,5th pillar: Higher education and training,1_TO_7,1-7 scale,WEF_GCIHH,Global Competitiveness Index (GCI) - Historical Dataset,0,Units,A,Normal value,PU,Public,4.13,4.06,3.96,3.85,3.88,3.97,3.88,3.86,3.87,4.12,4.31
A,Annual,IND,India,WEF_GCIHH_GCI_B_05,5th pillar: Higher education and training,RANK,Rank,WEF_GCIHH,Global Competitiveness Index (GCI) - Historical Dataset,0,Units,A,Normal value,PU,Public,55.0,63.0,66.0,85.0,87.0,86.0,91.0,93.0,90.0,81.0,75.0
A,Annual,IRL,Ireland,WEF_GCIHH_GCI_B_05,5th pillar: Higher education and training,1_TO_7,1-7 scale,WEF_GCIHH,Global Competitiveness Index (GCI) - Historical Dataset,0,Units,A,Normal value,PU,Public,5.26,5.18,5.12,5.17,5.15,5.3,5.43,5.54,5.59,5.7,5.85
A,Annual,IRL,Ireland,WEF_GCIHH_GCI_B_05,5th pillar: Higher education and training,RANK,Rank,WEF_GCIHH,Global Competitiveness Index (GCI) - Historical Dataset,0,Units,A,Normal value,PU,Public,21.0,20.0,20.0,23.0,22.0,20.0,18.0,17.0,15.0,13.0,10.0
A,Annual,IRN,"Iran, Islamic Rep.",WEF_GCIHH_GCI_B_05,5th pillar: Higher education and training,1_TO_7,1-7 scale,WEF_GCIHH,Global Competitiveness Index (GCI) - Historical Dataset,0,Units,A,Normal value,PU,Public,,,,3.8,3.86,4.1,3.99,4.17,4.31,4.56,4.71
A,Annual,IRN,"Iran, Islamic Rep.",WEF_GCIHH_GCI_B_05,5th pillar: Higher education and training,RANK,Rank,WEF_GCIHH,Global Competitiveness Index (GCI) - Historical Dataset,0,Units,A,Normal value,PU,Public,,,,87.0,89.0,78.0,88.0,78.0,69.0,60.0,51.0
A,Annual,ISL,Iceland,WEF_GCIHH_GCI_B_05,5th pillar: Higher education and training,1_TO_7,1-7 scale,WEF_GCIHH,Global Competitiveness Index (GCI) - Historical Dataset,0,Units,A,Normal value,PU,Public,5.62,5.69,5.65,5.74,5.65,5.6,5.58,5.62,5.75,5.88,5.79
A,Annual,ISL,Iceland,WEF_GCIHH_GCI_B_05,5th pillar: Higher education and training,RANK,Rank,WEF_GCIHH,Global Competitiveness Index (GCI) - Historical Dataset,0,Units,A,Normal value,PU,Public,8.0,4.0,4.0,6.0,9.0,13.0,12.0,13.0,11.0,11.0,12.0
A,Annual,ISR,Israel,WEF_GCIHH_GCI_B_05,5th pillar: Higher education and training,1_TO_7,1-7 scale,WEF_GCIHH,Global Competitiveness Index (GCI) - Historical Dataset,0,Units,A,Normal value,PU,Public,5.36,5.02,4.6,4.82,5.03,5.07,5.0,5.0,5.1,5.38,5.44
A,Annual,ISR,Israel,WEF_GCIHH_GCI_B_05,5th pillar: Higher education and training,RANK,Rank,WEF_GCIHH,Global Competitiveness Index (GCI) - Historical Dataset,0,Units,A,Normal value,PU,Public,19.0,24.0,36.0,33.0,27.0,28.0,34.0,36.0,28.0,24.0,21.0
A,Annual,ITA,Italy,WEF_GCIHH_GCI_B_05,5th pillar: Higher education and training,1_TO_7,1-7 scale,WEF_GCIHH,Global Competitiveness Index (GCI) - Historical Dataset,0,Units,A,Normal value,PU,Public,4.55,4.43,4.35,4.6,4.69,4.73,4.75,4.78,4.81,4.9,4.96
A,Annual,ITA,Italy,WEF_GCIHH_GCI_B_05,5th pillar: Higher education and training,RANK,Rank,WEF_GCIHH,Global Competitiveness Index (GCI) - Historical Dataset,0,Units,A,Normal value,PU,Public,36.0,44.0,49.0,47.0,41.0,45.0,42.0,47.0,45.0,43.0,41.0
A,Annual,JAM,Jamaica,WEF_GCIHH_GCI_B_05,5th pillar: Higher education and training,1_TO_7,1-7 scale,WEF_GCIHH,Global Competitiveness Index (GCI) - Historical Dataset,0,Units,A,Normal value,PU,Public,3.83,3.74,3.83,3.92,3.92,4.12,4.11,4.19,4.05,4.05,4.38
A,Annual,JAM,Jamaica,WEF_GCIHH_GCI_B_05,5th pillar: Higher education and training,RANK,Rank,WEF_GCIHH,Global Competitiveness Index (GCI) - Historical Dataset,0,Units,A,Normal value,PU,Public,71.0,82.0,77.0,80.0,85.0,75.0,80.0,76.0,84.0,90.0,72.0
A,Annual,JOR,Jordan,WEF_GCIHH_GCI_B_05,5th pillar: Higher education and training,1_TO_7,1-7 scale,WEF_GCIHH,Global Competitiveness Index (GCI) - Historical Dataset,0,Units,A,Normal value,PU,Public,4.31,4.46,4.45,4.32,4.33,4.49,4.5,4.78,4.7,4.69,4.52
A,Annual,JOR,Jordan,WEF_GCIHH_GCI_B_05,5th pillar: Higher education and training,RANK,Rank,WEF_GCIHH,Global Competitiveness Index (GCI) - Historical Dataset,0,Units,A,Normal value,PU,Public,47.0,42.0,42.0,57.0,59.0,55.0,56.0,48.0,50.0,51.0,63.0
A,Annual,JPN,Japan,WEF_GCIHH_GCI_B_05,5th pillar: Higher education and training,1_TO_7,1-7 scale,WEF_GCIHH,Global Competitiveness Index (GCI) - Historical Dataset,0,Units,A,Normal value,PU,Public,5.21,5.08,5.06,5.28,5.27,5.28,5.28,5.44,5.41,5.38,5.38
A,Annual,JPN,Japan,WEF_GCIHH_GCI_B_05,5th pillar: Higher education and training,RANK,Rank,WEF_GCIHH,Global Competitiveness Index (GCI) - Historical Dataset,0,Units,A,Normal value,PU,Public,22.0,23.0,23.0,20.0,19.0,21.0,21.0,21.0,21.0,23.0,23.0
A,Annual,KAZ,Kazakhstan,WEF_GCIHH_GCI_B_05,5th pillar: Higher education and training,1_TO_7,1-7 scale,WEF_GCIHH,Global Competitiveness Index (GCI) - Historical Dataset,0,Units,A,Normal value,PU,Public,4.11,4.12,4.13,4.2,4.18,4.37,4.52,4.51,4.53,4.62,4.57
A,Annual,KAZ,Kazakhstan,WEF_GCIHH_GCI_B_05,5th pillar: Higher education and training,RANK,Rank,WEF_GCIHH,Global Competitiveness Index (GCI) - Historical Dataset,0,Units,A,Normal value,PU,Public,57.0,59.0,59.0,65.0,65.0,58.0,54.0,62.0,60.0,57.0,56.0
A,Annual,KEN,Kenya,WEF_GCIHH_GCI_B_05,5th pillar: Higher education and training,1_TO_7,1-7 scale,WEF_GCIHH,Global Competitiveness Index (GCI) - Historical Dataset,0,Units,A,Normal value,PU,Public,3.56,3.7,3.69,3.62,3.72,3.59,3.54,3.77,3.76,3.86,3.8
A,Annual,KEN,Kenya,WEF_GCIHH_GCI_B_05,5th pillar: Higher education and training,RANK,Rank,WEF_GCIHH,Global Competitiveness Index (GCI) - Historical Dataset,0,Units,A,Normal value,PU,Public,88.0,86.0,85.0,96.0,94.0,100.0,103.0,95.0,98.0,97.0,97.0
A,Annual,KGZ,Kyrgyz Republic,WEF_GCIHH_GCI_B_05,5th pillar: Higher education and training,1_TO_7,1-7 scale,WEF_GCIHH,Global Competitiveness Index (GCI) - Historical Dataset,0,Units,A,Normal value,PU,Public,3.57,3.73,3.64,3.83,3.76,3.66,3.64,3.89,4.09,4.1,4.01
A,Annual,KGZ,Kyrgyz Republic,WEF_GCIHH_GCI_B_05,5th pillar: Higher education and training,RANK,Rank,WEF_GCIHH,Global Competitiveness Index (GCI) - Historical Dataset,0,Units,A,Normal value,PU,Public,87.0,83.0,87.0,86.0,92.0,98.0,97.0,91.0,80.0,87.0,89.0
A,Annual,KHM,Cambodia,WEF_GCIHH_GCI_B_05,5th pillar: Higher education and training,1_TO_7,1-7 scale,WEF_GCIHH,Global Competitiveness Index (GCI) - Historical Dataset,0,Units,A,Normal value,PU,Public,2.58,2.66,2.78,2.92,3.07,3.32,3.12,2.92,2.84,2.88,2.88
A,Annual,KHM,Cambodia,WEF_GCIHH_GCI_B_05,5th pillar: Higher education and training,RANK,Rank,WEF_GCIHH,Global Competitiveness Index (GCI) - Historical Dataset,0,Units,A,Normal value,PU,Public,120.0,127.0,122.0,122.0,120.0,111.0,116.0,123.0,123.0,124.0,124.0
A,Annual,KOR,"Korea, Rep.",WEF_GCIHH_GCI_B_05,5th pillar: Higher education and training,1_TO_7,1-7 scale,WEF_GCIHH,Global Competitiveness Index (GCI) - Historical Dataset,0,Units,A,Normal value,PU,Public,5.65,5.51,5.24,5.42,5.44,5.52,5.41,5.38,5.36,5.32,5.34
A,Annual,KOR,"Korea, Rep.",WEF_GCIHH_GCI_B_05,5th pillar: Higher education and training,RANK,Rank,WEF_GCIHH,Global Competitiveness Index (GCI) - Historical Dataset,0,Units,A,Normal value,PU,Public,6.0,12.0,16.0,15.0,17.0,17.0,19.0,23.0,23.0,25.0,25.0
A,Annual,KWT,Kuwait,WEF_GCIHH_GCI_B_05,5th pillar: Higher education and training,1_TO_7,1-7 scale,WEF_GCIHH,Global Competitiveness Index (GCI) - Historical Dataset,0,Units,A,Normal value,PU,Public,4.21,3.82,3.72,3.87,3.83,4.01,4.04,4.15,4.01,3.98,3.91
A,Annual,KWT,Kuwait,WEF_GCIHH_GCI_B_05,5th pillar: Higher education and training,RANK,Rank,WEF_GCIHH,Global Competitiveness Index (GCI) - Historical Dataset,0,Units,A,Normal value,PU,Public,52.0,76.0,82.0,83.0,91.0,82.0,84.0,81.0,85.0,94.0,95.0
A,Annual,LAO,Lao PDR,WEF_GCIHH_GCI_B_05,5th pillar: Higher education and training,1_TO_7,1-7 scale,WEF_GCIHH,Global Competitiveness Index (GCI) - Historical Dataset,0,Units,A,Normal value,PU,Public,,,,,,,3.31,3.28,3.24,3.4,3.47
A,Annual,LAO,Lao PDR,WEF_GCIHH_GCI_B_05,5th pillar: Higher education and training,RANK,Rank,WEF_GCIHH,Global Competitiveness Index (GCI) - Historical Dataset,0,Units,A,Normal value,PU,Public,,,,,,,111.0,110.0,112.0,106.0,105.0
A,Annual,LBN,Lebanon,WEF_GCIHH_GCI_B_05,5th pillar: Higher education and training,1_TO_7,1-7 scale,WEF_GCIHH,Global Competitiveness Index (GCI) - Historical Dataset,0,Units,A,Normal value,PU,Public,,,,4.57,4.63,4.7,4.69,4.39,4.55,4.46,4.32
A,Annual,LBN,Lebanon,WEF_GCIHH_GCI_B_05,5th pillar: Higher education and training,RANK,Rank,WEF_GCIHH,Global Competitiveness Index (GCI) - Historical Dataset,0,Units,A,Normal value,PU,Public,,,,48.0,49.0,48.0,45.0,67.0,58.0,66.0,74.0
A,Annual,LBR,Liberia,WEF_GCIHH_GCI_B_05,5th pillar: Higher education and training,1_TO_7,1-7 scale,WEF_GCIHH,Global Competitiveness Index (GCI) - Historical Dataset,0,Units,A,Normal value,PU,Public,,,,,,3.3,2.86,,2.77,2.73,2.5
A,Annual,LBR,Liberia,WEF_GCIHH_GCI_B_05,5th pillar: Higher education and training,RANK,Rank,WEF_GCIHH,Global Competitiveness Index (GCI) - Historical Dataset,0,Units,A,Normal value,PU,Public,,,,,,114.0,126.0,,126.0,130.0,133.0
A,Annual,LBY,Libya,WEF_GCIHH_GCI_B_05,5th pillar: Higher education and training,1_TO_7,1-7 scale,WEF_GCIHH,Global Competitiveness Index (GCI) - Historical Dataset,0,Units,A,Normal value,PU,Public,3.77,3.83,3.84,3.63,,3.56,3.52,3.59,,,
A,Annual,LBY,Libya,WEF_GCIHH_GCI_B_05,5th pillar: Higher education and training,RANK,Rank,WEF_GCIHH,Global Competitiveness Index (GCI) - Historical Dataset,0,Units,A,Normal value,PU,Public,76.0,75.0,75.0,95.0,,103.0,104.0,102.0,,,
A,Annual,LKA,Sri Lanka,WEF_GCIHH_GCI_B_05,5th pillar: Higher education and training,1_TO_7,1-7 scale,WEF_GCIHH,Global Competitiveness Index (GCI) - Historical Dataset,0,Units,A,Normal value,PU,Public,3.77,3.98,4.01,4.24,4.18,4.06,4.31,4.3,4.38,4.45,4.23
A,Annual,LKA,Sri Lanka,WEF_GCIHH_GCI_B_05,5th pillar: Higher education and training,RANK,Rank,WEF_GCIHH,Global Competitiveness Index (GCI) - Historical Dataset,0,Units,A,Normal value,PU,Public,77.0,65.0,64.0,62.0,66.0,79.0,62.0,72.0,66.0,68.0,78.0
A,Annual,LSO,Lesotho,WEF_GCIHH_GCI_B_05,5th pillar: Higher education and training,1_TO_7,1-7 scale,WEF_GCIHH,Global Competitiveness Index (GCI) - Historical Dataset,0,Units,A,Normal value,PU,Public,2.66,3.2,3.23,2.85,2.74,2.65,2.88,3.23,3.18,3.03,3.03
A,Annual,LSO,Lesotho,WEF_GCIHH_GCI_B_05,5th pillar: Higher education and training,RANK,Rank,WEF_GCIHH,Global Competitiveness Index (GCI) - Historical Dataset,0,Units,A,Normal value,PU,Public,117.0,106.0,105.0,124.0,130.0,135.0,125.0,116.0,116.0,119.0,118.0
A,Annual,LTU,Lithuania,WEF_GCIHH_GCI_B_05,5th pillar: Higher education and training,1_TO_7,1-7 scale,WEF_GCIHH,Global Competitiveness Index (GCI) - Historical Dataset,0,Units,A,Normal value,PU,Public,4.98,4.85,4.76,5.07,5.08,5.15,5.15,5.3,5.35,5.25,5.16
A,Annual,LTU,Lithuania,WEF_GCIHH_GCI_B_05,5th pillar: Higher education and training,RANK,Rank,WEF_GCIHH,Global Competitiveness Index (GCI) - Historical Dataset,0,Units,A,Normal value,PU,Public,25.0,26.0,30.0,25.0,26.0,26.0,27.0,26.0,24.0,26.0,29.0
A,Annual,LUX,Luxembourg,WEF_GCIHH_GCI_B_05,5th pillar: Higher education and training,1_TO_7,1-7 scale,WEF_GCIHH,Global Competitiveness Index (GCI) - Historical Dataset,0,Units,A,Normal value,PU,Public,4.4,4.39,4.51,4.68,4.69,4.74,4.89,4.88,4.89,4.78,4.75
A,Annual,LUX,Luxembourg,WEF_GCIHH_GCI_B_05,5th pillar: Higher education and training,RANK,Rank,WEF_GCIHH,Global Competitiveness Index (GCI) - Historical Dataset,0,Units,A,Normal value,PU,Public,43.0,47.0,39.0,41.0,40.0,44.0,36.0,43.0,40.0,47.0,50.0
A,Annual,LVA,Latvia,WEF_GCIHH_GCI_B_05,5th pillar: Higher education and training,1_TO_7,1-7 scale,WEF_GCIHH,Global Competitiveness Index (GCI) - Historical Dataset,0,Units,A,Normal value,PU,Public,4.82,4.67,4.66,4.81,4.84,4.78,4.84,5.13,5.05,5.01,4.95
A,Annual,LVA,Latvia,WEF_GCIHH_GCI_B_05,5th pillar: Higher education and training,RANK,Rank,WEF_GCIHH,Global Competitiveness Index (GCI) - Historical Dataset,0,Units,A,Normal value,PU,Public,29.0,33.0,34.0,35.0,34.0,42.0,40.0,31.0,32.0,39.0,42.0
A,Annual,MAR,Morocco,WEF_GCIHH_GCI_B_05,5th pillar: Higher education and training,1_TO_7,1-7 scale,WEF_GCIHH,Global Competitiveness Index (GCI) - Historical Dataset,0,Units,A,Normal value,PU,Public,3.63,3.57,3.4,3.51,3.62,3.58,3.54,3.56,3.42,3.55,3.58
A,Annual,MAR,Morocco,WEF_GCIHH_GCI_B_05,5th pillar: Higher education and training,RANK,Rank,WEF_GCIHH,Global Competitiveness Index (GCI) - Historical Dataset,0,Units,A,Normal value,PU,Public,83.0,90.0,99.0,102.0,98.0,101.0,102.0,104.0,106.0,104.0,101.0
A,Annual,MDA,Moldova,WEF_GCIHH_GCI_B_05,5th pillar: Higher education and training,1_TO_7,1-7 scale,WEF_GCIHH,Global Competitiveness Index (GCI) - Historical Dataset,0,Units,A,Normal value,PU,Public,,,,3.95,3.93,3.96,3.88,4.08,4.09,4.04,4.09
A,Annual,MDA,Moldova,WEF_GCIHH_GCI_B_05,5th pillar: Higher education and training,RANK,Rank,WEF_GCIHH,Global Competitiveness Index (GCI) - Historical Dataset,0,Units,A,Normal value,PU,Public,,,,78.0,83.0,88.0,90.0,84.0,79.0,91.0,83.0
A,Annual,MDG,Madagascar,WEF_GCIHH_GCI_B_05,5th pillar: Higher education and training,1_TO_7,1-7 scale,WEF_GCIHH,Global Competitiveness Index (GCI) - Historical Dataset,0,Units,A,Normal value,PU,Public,2.56,2.83,2.88,2.76,2.66,2.67,2.66,2.64,2.64,2.85,2.91
A,Annual,MDG,Madagascar,WEF_GCIHH_GCI_B_05,5th pillar: Higher education and training,RANK,Rank,WEF_GCIHH,Global Competitiveness Index (GCI) - Historical Dataset,0,Units,A,Normal value,PU,Public,121.0,119.0,117.0,128.0,133.0,133.0,132.0,130.0,131.0,126.0,123.0
A,Annual,MEX,Mexico,WEF_GCIHH_GCI_B_05,5th pillar: Higher education and training,1_TO_7,1-7 scale,WEF_GCIHH,Global Competitiveness Index (GCI) - Historical Dataset,0,Units,A,Normal value,PU,Public,3.83,3.83,3.86,3.94,4.07,4.11,4.03,3.99,4.0,4.12,4.11
A,Annual,MEX,Mexico,WEF_GCIHH_GCI_B_05,5th pillar: Higher education and training,RANK,Rank,WEF_GCIHH,Global Competitiveness Index (GCI) - Historical Dataset,0,Units,A,Normal value,PU,Public,72.0,74.0,74.0,79.0,72.0,77.0,85.0,87.0,86.0,82.0,80.0
A,Annual,MKD,North Macedonia,WEF_GCIHH_GCI_B_05,5th pillar: Higher education and training,1_TO_7,1-7 scale,WEF_GCIHH,Global Competitiveness Index (GCI) - Historical Dataset,0,Units,A,Normal value,PU,Public,3.77,3.85,3.9,4.04,3.98,4.04,4.18,4.32,4.79,4.25,
A,Annual,MKD,North Macedonia,WEF_GCIHH_GCI_B_05,5th pillar: Higher education and training,RANK,Rank,WEF_GCIHH,Global Competitiveness Index (GCI) - Historical Dataset,0,Units,A,Normal value,PU,Public,75.0,73.0,70.0,72.0,80.0,81.0,76.0,71.0,46.0,76.0,
A,Annual,MLI,Mali,WEF_GCIHH_GCI_B_05,5th pillar: Higher education and training,1_TO_7,1-7 scale,WEF_GCIHH,Global Competitiveness Index (GCI) - Historical Dataset,0,Units,A,Normal value,PU,Public,2.6,2.77,2.66,2.56,2.79,2.77,2.55,2.7,2.76,2.93,3.01
A,Annual,MLI,Mali,WEF_GCIHH_GCI_B_05,5th pillar: Higher education and training,RANK,Rank,WEF_GCIHH,Global Competitiveness Index (GCI) - Historical Dataset,0,Units,A,Normal value,PU,Public,119.0,122.0,126.0,132.0,128.0,130.0,136.0,128.0,127.0,122.0,119.0
A,Annual,MLT,Malta,WEF_GCIHH_GCI_B_05,5th pillar: Higher education and training,1_TO_7,1-7 scale,WEF_GCIHH,Global Competitiveness Index (GCI) - Historical Dataset,0,Units,A,Normal value,PU,Public,4.44,4.51,4.59,4.79,4.81,4.93,5.04,4.92,4.85,5.02,5.16
A,Annual,MLT,Malta,WEF_GCIHH_GCI_B_05,5th pillar: Higher education and training,RANK,Rank,WEF_GCIHH,Global Competitiveness Index (GCI) - Historical Dataset,0,Units,A,Normal value,PU,Public,40.0,39.0,37.0,37.0,37.0,35.0,31.0,42.0,42.0,38.0,30.0
A,Annual,MMR,Myanmar,WEF_GCIHH_GCI_B_05,5th pillar: Higher education and training,1_TO_7,1-7 scale,WEF_GCIHH,Global Competitiveness Index (GCI) - Historical Dataset,0,Units,A,Normal value,PU,Public,,,,,,,2.52,2.44,2.49,,
A,Annual,MMR,Myanmar,WEF_GCIHH_GCI_B_05,5th pillar: Higher education and training,RANK,Rank,WEF_GCIHH,Global Competitiveness Index (GCI) - Historical Dataset,0,Units,A,Normal value,PU,Public,,,,,,,139.0,135.0,134.0,,
A,Annual,MNE,Montenegro,WEF_GCIHH_GCI_B_05,5th pillar: Higher education and training,1_TO_7,1-7 scale,WEF_GCIHH,Global Competitiveness Index (GCI) - Historical Dataset,0,Units,A,Normal value,PU,Public,3.71,4.18,4.19,4.51,4.65,4.63,4.61,4.68,4.58,4.49,4.54
A,Annual,MNE,Montenegro,WEF_GCIHH_GCI_B_05,5th pillar: Higher education and training,RANK,Rank,WEF_GCIHH,Global Competitiveness Index (GCI) - Historical Dataset,0,Units,A,Normal value,PU,Public,79.0,55.0,57.0,52.0,48.0,51.0,50.0,51.0,54.0,64.0,61.0
A,Annual,MNG,Mongolia,WEF_GCIHH_GCI_B_05,5th pillar: Higher education and training,1_TO_7,1-7 scale,WEF_GCIHH,Global Competitiveness Index (GCI) - Historical Dataset,0,Units,A,Normal value,PU,Public,3.78,3.71,3.55,3.76,3.93,3.99,4.07,4.37,4.5,4.57,4.51
A,Annual,MNG,Mongolia,WEF_GCIHH_GCI_B_05,5th pillar: Higher education and training,RANK,Rank,WEF_GCIHH,Global Competitiveness Index (GCI) - Historical Dataset,0,Units,A,Normal value,PU,Public,74.0,85.0,91.0,89.0,84.0,83.0,82.0,68.0,62.0,59.0,65.0
A,Annual,MOZ,Mozambique,WEF_GCIHH_GCI_B_05,5th pillar: Higher education and training,1_TO_7,1-7 scale,WEF_GCIHH,Global Competitiveness Index (GCI) - Historical Dataset,0,Units,A,Normal value,PU,Public,2.33,2.56,2.54,2.47,2.52,2.39,2.34,2.39,2.35,2.29,2.25
A,Annual,MOZ,Mozambique,WEF_GCIHH_GCI_B_05,5th pillar: Higher education and training,RANK,Rank,WEF_GCIHH,Global Competitiveness Index (GCI) - Historical Dataset,0,Units,A,Normal value,PU,Public,129.0,129.0,130.0,134.0,136.0,138.0,143.0,138.0,136.0,135.0,135.0
A,Annual,MRT,Mauritania,WEF_GCIHH_GCI_B_05,5th pillar: Higher education and training,1_TO_7,1-7 scale,WEF_GCIHH,Global Competitiveness Index (GCI) - Historical Dataset,0,Units,A,Normal value,PU,Public,2.33,2.35,2.41,2.15,2.09,2.23,2.07,2.16,2.13,1.9,1.9
A,Annual,MRT,Mauritania,WEF_GCIHH_GCI_B_05,5th pillar: Higher education and training,RANK,Rank,WEF_GCIHH,Global Competitiveness Index (GCI) - Historical Dataset,0,Units,A,Normal value,PU,Public,128.0,133.0,132.0,137.0,139.0,142.0,146.0,141.0,140.0,138.0,137.0
A,Annual,MUS,Mauritius,WEF_GCIHH_GCI_B_05,5th pillar: Higher education and training,1_TO_7,1-7 scale,WEF_GCIHH,Global Competitiveness Index (GCI) - Historical Dataset,0,Units,A,Normal value,PU,Public,3.94,3.97,3.79,4.09,4.17,4.29,4.32,4.66,4.62,4.68,4.65
A,Annual,MUS,Mauritius,WEF_GCIHH_GCI_B_05,5th pillar: Higher education and training,RANK,Rank,WEF_GCIHH,Global Competitiveness Index (GCI) - Historical Dataset,0,Units,A,Normal value,PU,Public,68.0,67.0,79.0,70.0,68.0,65.0,61.0,54.0,52.0,52.0,52.0
A,Annual,MWI,Malawi,WEF_GCIHH_GCI_B_05,5th pillar: Higher education and training,1_TO_7,1-7 scale,WEF_GCIHH,Global Competitiveness Index (GCI) - Historical Dataset,0,Units,A,Normal value,PU,Public,,2.85,2.78,2.92,2.99,2.81,2.65,2.57,2.53,2.61,2.66
A,Annual,MWI,Malawi,WEF_GCIHH_GCI_B_05,5th pillar: Higher education and training,RANK,Rank,WEF_GCIHH,Global Competitiveness Index (GCI) - Historical Dataset,0,Units,A,Normal value,PU,Public,,116.0,120.0,120.0,123.0,129.0,133.0,132.0,133.0,131.0,128.0
A,Annual,MYS,Malaysia,WEF_GCIHH_GCI_B_05,5th pillar: Higher education and training,1_TO_7,1-7 scale,WEF_GCIHH,Global Competitiveness Index (GCI) - Historical Dataset,0,Units,A,Normal value,PU,Public,4.86,4.63,4.49,4.55,4.76,4.83,4.68,4.8,4.97,4.96,4.87
A,Annual,MYS,Malaysia,WEF_GCIHH_GCI_B_05,5th pillar: Higher education and training,RANK,Rank,WEF_GCIHH,Global Competitiveness Index (GCI) - Historical Dataset,0,Units,A,Normal value,PU,Public,27.0,35.0,41.0,49.0,38.0,39.0,46.0,46.0,36.0,41.0,45.0
A,Annual,NAM,Namibia,WEF_GCIHH_GCI_B_05,5th pillar: Higher education and training,1_TO_7,1-7 scale,WEF_GCIHH,Global Competitiveness Index (GCI) - Historical Dataset,0,Units,A,Normal value,PU,Public,3.05,3.13,3.18,3.21,3.19,3.13,3.12,3.23,3.3,3.33,3.32
A,Annual,NAM,Namibia,WEF_GCIHH_GCI_B_05,5th pillar: Higher education and training,RANK,Rank,WEF_GCIHH,Global Competitiveness Index (GCI) - Historical Dataset,0,Units,A,Normal value,PU,Public,107.0,110.0,110.0,111.0,113.0,119.0,115.0,115.0,109.0,110.0,111.0
A,Annual,NGA,Nigeria,WEF_GCIHH_GCI_B_05,5th pillar: Higher education and training,1_TO_7,1-7 scale,WEF_GCIHH,Global Competitiveness Index (GCI) - Historical Dataset,0,Units,A,Normal value,PU,Public,3.0,3.13,3.03,2.99,3.18,3.31,3.03,2.88,2.75,2.86,3.1
A,Annual,NGA,Nigeria,WEF_GCIHH_GCI_B_05,5th pillar: Higher education and training,RANK,Rank,WEF_GCIHH,Global Competitiveness Index (GCI) - Historical Dataset,0,Units,A,Normal value,PU,Public,109.0,108.0,113.0,118.0,114.0,113.0,120.0,124.0,128.0,125.0,116.0
A,Annual,NIC,Nicaragua,WEF_GCIHH_GCI_B_05,5th pillar: Higher education and training,1_TO_7,1-7 scale,WEF_GCIHH,Global Competitiveness Index (GCI) - Historical Dataset,0,Units,A,Normal value,PU,Public,3.04,3.06,3.19,3.17,3.13,3.32,3.36,3.23,3.07,3.15,3.42
A,Annual,NIC,Nicaragua,WEF_GCIHH_GCI_B_05,5th pillar: Higher education and training,RANK,Rank,WEF_GCIHH,Global Competitiveness Index (GCI) - Historical Dataset,0,Units,A,Normal value,PU,Public,108.0,113.0,109.0,113.0,117.0,110.0,109.0,114.0,119.0,116.0,110.0
A,Annual,NLD,Netherlands,WEF_GCIHH_GCI_B_05,5th pillar: Higher education and training,1_TO_7,1-7 scale,WEF_GCIHH,Global Competitiveness Index (GCI) - Historical Dataset,0,Units,A,Normal value,PU,Public,5.57,5.52,5.49,5.63,5.66,5.79,5.78,5.99,6.03,6.07,6.09
A,Annual,NLD,Netherlands,WEF_GCIHH_GCI_B_05,5th pillar: Higher education and training,RANK,Rank,WEF_GCIHH,Global Competitiveness Index (GCI) - Historical Dataset,0,Units,A,Normal value,PU,Public,10.0,11.0,10.0,10.0,8.0,6.0,6.0,3.0,3.0,3.0,4.0
A,Annual,NOR,Norway,WEF_GCIHH_GCI_B_05,5th pillar: Higher education and training,1_TO_7,1-7 scale,WEF_GCIHH,Global Competitiveness Index (GCI) - Historical Dataset,0,Units,A,Normal value,PU,Public,5.6,5.52,5.48,5.59,5.49,5.61,5.67,5.75,5.85,5.94,5.88
A,Annual,NOR,Norway,WEF_GCIHH_GCI_B_05,5th pillar: Higher education and training,RANK,Rank,WEF_GCIHH,Global Competitiveness Index (GCI) - Historical Dataset,0,Units,A,Normal value,PU,Public,9.0,10.0,12.0,12.0,15.0,12.0,10.0,8.0,7.0,7.0,8.0
A,Annual,NPL,Nepal,WEF_GCIHH_GCI_B_05,5th pillar: Higher education and training,1_TO_7,1-7 scale,WEF_GCIHH,Global Competitiveness Index (GCI) - Historical Dataset,0,Units,A,Normal value,PU,Public,2.65,2.69,2.69,2.62,2.74,2.84,2.73,3.25,3.24,3.26,3.44
A,Annual,NPL,Nepal,WEF_GCIHH_GCI_B_05,5th pillar: Higher education and training,RANK,Rank,WEF_GCIHH,Global Competitiveness Index (GCI) - Historical Dataset,0,Units,A,Normal value,PU,Public,118.0,125.0,124.0,131.0,129.0,128.0,130.0,113.0,113.0,113.0,108.0
A,Annual,NZL,New Zealand,WEF_GCIHH_GCI_B_05,5th pillar: Higher education and training,1_TO_7,1-7 scale,WEF_GCIHH,Global Competitiveness Index (GCI) - Historical Dataset,0,Units,A,Normal value,PU,Public,5.53,5.4,5.49,5.55,5.53,5.66,5.68,5.72,5.78,5.89,5.97
A,Annual,NZL,New Zealand,WEF_GCIHH_GCI_B_05,5th pillar: Higher education and training,RANK,Rank,WEF_GCIHH,Global Competitiveness Index (GCI) - Historical Dataset,0,Units,A,Normal value,PU,Public,12.0,15.0,11.0,13.0,14.0,10.0,9.0,9.0,10.0,10.0,7.0
A,Annual,OMN,Oman,WEF_GCIHH_GCI_B_05,5th pillar: Higher education and training,1_TO_7,1-7 scale,WEF_GCIHH,Global Competitiveness Index (GCI) - Historical Dataset,0,Units,A,Normal value,PU,Public,4.03,3.98,3.93,4.22,4.24,4.33,4.46,4.17,3.9,4.1,4.4
A,Annual,OMN,Oman,WEF_GCIHH_GCI_B_05,5th pillar: Higher education and training,RANK,Rank,WEF_GCIHH,Global Competitiveness Index (GCI) - Historical Dataset,0,Units,A,Normal value,PU,Public,61.0,66.0,67.0,63.0,63.0,61.0,57.0,79.0,88.0,85.0,71.0
A,Annual,PAK,Pakistan,WEF_GCIHH_GCI_B_05,5th pillar: Higher education and training,1_TO_7,1-7 scale,WEF_GCIHH,Global Competitiveness Index (GCI) - Historical Dataset,0,Units,A,Normal value,PU,Public,2.72,2.74,2.86,2.91,3.01,2.99,2.76,2.76,2.82,2.91,3.0
A,Annual,PAK,Pakistan,WEF_GCIHH_GCI_B_05,5th pillar: Higher education and training,RANK,Rank,WEF_GCIHH,Global Competitiveness Index (GCI) - Historical Dataset,0,Units,A,Normal value,PU,Public,116.0,123.0,118.0,123.0,122.0,124.0,129.0,127.0,124.0,123.0,120.0
A,Annual,PAN,Panama,WEF_GCIHH_GCI_B_05,5th pillar: Higher education and training,1_TO_7,1-7 scale,WEF_GCIHH,Global Competitiveness Index (GCI) - Historical Dataset,0,Units,A,Normal value,PU,Public,3.81,3.82,3.76,3.87,3.99,4.22,4.26,4.4,4.1,4.1,4.02
A,Annual,PAN,Panama,WEF_GCIHH_GCI_B_05,5th pillar: Higher education and training,RANK,Rank,WEF_GCIHH,Global Competitiveness Index (GCI) - Historical Dataset,0,Units,A,Normal value,PU,Public,73.0,77.0,80.0,82.0,78.0,69.0,68.0,66.0,77.0,86.0,88.0
A,Annual,PER,Peru,WEF_GCIHH_GCI_B_05,5th pillar: Higher education and training,1_TO_7,1-7 scale,WEF_GCIHH,Global Competitiveness Index (GCI) - Historical Dataset,0,Units,A,Normal value,PU,Public,3.63,3.62,3.75,4.0,4.0,4.05,4.01,4.08,4.07,4.13,4.1
A,Annual,PER,Peru,WEF_GCIHH_GCI_B_05,5th pillar: Higher education and training,RANK,Rank,WEF_GCIHH,Global Competitiveness Index (GCI) - Historical Dataset,0,Units,A,Normal value,PU,Public,84.0,89.0,81.0,76.0,77.0,80.0,86.0,83.0,82.0,80.0,81.0
A,Annual,PHL,Philippines,WEF_GCIHH_GCI_B_05,5th pillar: Higher education and training,1_TO_7,1-7 scale,WEF_GCIHH,Global Competitiveness Index (GCI) - Historical Dataset,0,Units,A,Normal value,PU,Public,4.02,4.1,3.92,4.02,4.13,4.3,4.28,4.45,4.48,4.6,4.59
A,Annual,PHL,Philippines,WEF_GCIHH_GCI_B_05,5th pillar: Higher education and training,RANK,Rank,WEF_GCIHH,Global Competitiveness Index (GCI) - Historical Dataset,0,Units,A,Normal value,PU,Public,62.0,60.0,68.0,73.0,71.0,64.0,67.0,64.0,63.0,58.0,55.0
A,Annual,POL,Poland,WEF_GCIHH_GCI_B_05,5th pillar: Higher education and training,1_TO_7,1-7 scale,WEF_GCIHH,Global Competitiveness Index (GCI) - Historical Dataset,0,Units,A,Normal value,PU,Public,4.62,4.64,4.82,5.0,4.95,4.92,4.88,5.04,5.05,5.03,4.98
A,Annual,POL,Poland,WEF_GCIHH_GCI_B_05,5th pillar: Higher education and training,RANK,Rank,WEF_GCIHH,Global Competitiveness Index (GCI) - Historical Dataset,0,Units,A,Normal value,PU,Public,35.0,34.0,27.0,26.0,31.0,36.0,37.0,34.0,31.0,37.0,40.0
A,Annual,PRI,Puerto Rico,WEF_GCIHH_GCI_B_05,5th pillar: Higher education and training,1_TO_7,1-7 scale,WEF_GCIHH,Global Competitiveness Index (GCI) - Historical Dataset,0,Units,A,Normal value,PU,Public,4.31,4.62,4.5,4.77,4.97,5.19,5.09,5.27,,,
A,Annual,PRI,Puerto Rico,WEF_GCIHH_GCI_B_05,5th pillar: Higher education and training,RANK,Rank,WEF_GCIHH,Global Competitiveness Index (GCI) - Historical Dataset,0,Units,A,Normal value,PU,Public,48.0,36.0,40.0,38.0,29.0,24.0,30.0,27.0,,,
A,Annual,PRT,Portugal,WEF_GCIHH_GCI_B_05,5th pillar: Higher education and training,1_TO_7,1-7 scale,WEF_GCIHH,Global Competitiveness Index (GCI) - Historical Dataset,0,Units,A,Normal value,PU,Public,4.62,4.59,4.58,4.76,4.82,4.98,5.15,5.37,5.19,5.04,5.09
A,Annual,PRT,Portugal,WEF_GCIHH_GCI_B_05,5th pillar: Higher education and training,RANK,Rank,WEF_GCIHH,Global Competitiveness Index (GCI) - Historical Dataset,0,Units,A,Normal value,PU,Public,34.0,37.0,38.0,39.0,35.0,30.0,28.0,24.0,26.0,36.0,34.0
A,Annual,PRY,Paraguay,WEF_GCIHH_GCI_B_05,5th pillar: Higher education and training,1_TO_7,1-7 scale,WEF_GCIHH,Global Competitiveness Index (GCI) - Historical Dataset,0,Units,A,Normal value,PU,Public,2.87,2.85,2.78,2.98,3.16,3.32,3.2,3.27,3.21,3.4,3.44
A,Annual,PRY,Paraguay,WEF_GCIHH_GCI_B_05,5th pillar: Higher education and training,RANK,Rank,WEF_GCIHH,Global Competitiveness Index (GCI) - Historical Dataset,0,Units,A,Normal value,PU,Public,112.0,117.0,121.0,119.0,116.0,112.0,113.0,112.0,115.0,107.0,107.0
A,Annual,QAT,Qatar,WEF_GCIHH_GCI_B_05,5th pillar: Higher education and training,1_TO_7,1-7 scale,WEF_GCIHH,Global Competitiveness Index (GCI) - Historical Dataset,0,Units,A,Normal value,PU,Public,4.53,4.69,4.93,4.84,4.62,4.94,5.11,4.99,5.12,5.14,5.01
A,Annual,QAT,Qatar,WEF_GCIHH_GCI_B_05,5th pillar: Higher education and training,RANK,Rank,WEF_GCIHH,Global Competitiveness Index (GCI) - Historical Dataset,0,Units,A,Normal value,PU,Public,37.0,31.0,25.0,32.0,50.0,33.0,29.0,38.0,27.0,30.0,37.0
A,Annual,ROU,Romania,WEF_GCIHH_GCI_B_05,5th pillar: Higher education and training,1_TO_7,1-7 scale,WEF_GCIHH,Global Competitiveness Index (GCI) - Historical Dataset,0,Units,A,Normal value,PU,Public,4.14,4.29,4.3,4.47,4.42,4.36,4.41,4.63,4.55,4.45,4.41
A,Annual,ROU,Romania,WEF_GCIHH_GCI_B_05,5th pillar: Higher education and training,RANK,Rank,WEF_GCIHH,Global Competitiveness Index (GCI) - Historical Dataset,0,Units,A,Normal value,PU,Public,54.0,52.0,52.0,54.0,55.0,59.0,59.0,58.0,59.0,67.0,70.0
A,Annual,RUS,Russian Federation,WEF_GCIHH_GCI_B_05,5th pillar: Higher education and training,1_TO_7,1-7 scale,WEF_GCIHH,Global Competitiveness Index (GCI) - Historical Dataset,0,Units,A,Normal value,PU,Public,4.33,4.4,4.3,4.55,4.54,4.59,4.66,4.96,4.96,5.09,5.12
A,Annual,RUS,Russian Federation,WEF_GCIHH_GCI_B_05,5th pillar: Higher education and training,RANK,Rank,WEF_GCIHH,Global Competitiveness Index (GCI) - Historical Dataset,0,Units,A,Normal value,PU,Public,45.0,46.0,51.0,50.0,52.0,52.0,47.0,39.0,38.0,32.0,32.0
A,Annual,RWA,Rwanda,WEF_GCIHH_GCI_B_05,5th pillar: Higher education and training,1_TO_7,1-7 scale,WEF_GCIHH,Global Competitiveness Index (GCI) - Historical Dataset,0,Units,A,Normal value,PU,Public,,,,2.92,3.09,3.21,3.0,2.98,3.05,3.22,3.24
A,Annual,RWA,Rwanda,WEF_GCIHH_GCI_B_05,5th pillar: Higher education and training,RANK,Rank,WEF_GCIHH,Global Competitiveness Index (GCI) - Historical Dataset,0,Units,A,Normal value,PU,Public,,,,121.0,119.0,117.0,122.0,122.0,120.0,114.0,113.0
A,Annual,SAU,Saudi Arabia,WEF_GCIHH_GCI_B_05,5th pillar: Higher education and training,1_TO_7,1-7 scale,WEF_GCIHH,Global Competitiveness Index (GCI) - Historical Dataset,0,Units,A,Normal value,PU,Public,4.02,4.29,4.29,4.55,4.81,4.79,4.65,4.64,4.73,4.8,4.87
A,Annual,SAU,Saudi Arabia,WEF_GCIHH_GCI_B_05,5th pillar: Higher education and training,RANK,Rank,WEF_GCIHH,Global Competitiveness Index (GCI) - Historical Dataset,0,Units,A,Normal value,PU,Public,63.0,53.0,53.0,51.0,36.0,40.0,48.0,57.0,49.0,46.0,43.0
A,Annual,SEN,Senegal,WEF_GCIHH_GCI_B_05,5th pillar: Higher education and training,1_TO_7,1-7 scale,WEF_GCIHH,Global Competitiveness Index (GCI) - Historical Dataset,0,Units,A,Normal value,PU,Public,3.11,3.44,3.41,3.23,3.27,3.23,3.14,3.18,3.25,3.29,3.44
A,Annual,SEN,Senegal,WEF_GCIHH_GCI_B_05,5th pillar: Higher education and training,RANK,Rank,WEF_GCIHH,Global Competitiveness Index (GCI) - Historical Dataset,0,Units,A,Normal value,PU,Public,105.0,92.0,98.0,110.0,110.0,116.0,114.0,119.0,110.0,111.0,106.0
A,Annual,SGP,Singapore,WEF_GCIHH_GCI_B_05,5th pillar: Higher education and training,1_TO_7,1-7 scale,WEF_GCIHH,Global Competitiveness Index (GCI) - Historical Dataset,0,Units,A,Normal value,PU,Public,5.42,5.56,5.62,5.77,5.77,5.93,5.91,6.09,6.2,6.29,6.27
A,Annual,SGP,Singapore,WEF_GCIHH_GCI_B_05,5th pillar: Higher education and training,RANK,Rank,WEF_GCIHH,Global Competitiveness Index (GCI) - Historical Dataset,0,Units,A,Normal value,PU,Public,16.0,8.0,5.0,5.0,4.0,2.0,2.0,2.0,1.0,1.0,1.0
A,Annual,SLE,Sierra Leone,WEF_GCIHH_GCI_B_05,5th pillar: Higher education and training,1_TO_7,1-7 scale,WEF_GCIHH,Global Competitiveness Index (GCI) - Historical Dataset,0,Units,A,Normal value,PU,Public,,,,,,2.3,2.36,2.39,2.54,2.56,2.54
A,Annual,SLE,Sierra Leone,WEF_GCIHH_GCI_B_05,5th pillar: Higher education and training,RANK,Rank,WEF_GCIHH,Global Competitiveness Index (GCI) - Historical Dataset,0,Units,A,Normal value,PU,Public,,,,,,141.0,142.0,137.0,132.0,133.0,132.0
A,Annual,SLV,El Salvador,WEF_GCIHH_GCI_B_05,5th pillar: Higher education and training,1_TO_7,1-7 scale,WEF_GCIHH,Global Competitiveness Index (GCI) - Historical Dataset,0,Units,A,Normal value,PU,Public,3.42,3.42,3.48,3.52,3.46,3.45,3.55,3.85,3.56,3.57,3.49
A,Annual,SLV,El Salvador,WEF_GCIHH_GCI_B_05,5th pillar: Higher education and training,RANK,Rank,WEF_GCIHH,Global Competitiveness Index (GCI) - Historical Dataset,0,Units,A,Normal value,PU,Public,92.0,95.0,95.0,101.0,105.0,105.0,100.0,94.0,105.0,103.0,104.0
A,Annual,SRB,Serbia,WEF_GCIHH_GCI_B_05,5th pillar: Higher education and training,1_TO_7,1-7 scale,WEF_GCIHH,Global Competitiveness Index (GCI) - Historical Dataset,0,Units,A,Normal value,PU,Public,3.65,3.91,3.83,4.01,3.98,3.97,4.05,4.25,4.27,4.4,4.55
A,Annual,SRB,Serbia,WEF_GCIHH_GCI_B_05,5th pillar: Higher education and training,RANK,Rank,WEF_GCIHH,Global Competitiveness Index (GCI) - Historical Dataset,0,Units,A,Normal value,PU,Public,82.0,70.0,76.0,74.0,81.0,85.0,83.0,74.0,71.0,69.0,59.0
A,Annual,SUR,Suriname,WEF_GCIHH_GCI_B_05,5th pillar: Higher education and training,1_TO_7,1-7 scale,WEF_GCIHH,Global Competitiveness Index (GCI) - Historical Dataset,0,Units,A,Normal value,PU,Public,,,,,3.46,3.57,3.59,3.5,,,
A,Annual,SUR,Suriname,WEF_GCIHH_GCI_B_05,5th pillar: Higher education and training,RANK,Rank,WEF_GCIHH,Global Competitiveness Index (GCI) - Historical Dataset,0,Units,A,Normal value,PU,Public,,,,,104.0,102.0,98.0,105.0,,,
A,Annual,SVK,Slovak Republic,WEF_GCIHH_GCI_B_05,5th pillar: Higher education and training,1_TO_7,1-7 scale,WEF_GCIHH,Global Competitiveness Index (GCI) - Historical Dataset,0,Units,A,Normal value,PU,Public,4.42,4.43,4.37,4.49,4.5,4.5,4.44,4.65,4.62,4.54,4.54
A,Annual,SVK,Slovak Republic,WEF_GCIHH_GCI_B_05,5th pillar: Higher education and training,RANK,Rank,WEF_GCIHH,Global Competitiveness Index (GCI) - Historical Dataset,0,Units,A,Normal value,PU,Public,41.0,45.0,47.0,53.0,53.0,54.0,58.0,56.0,53.0,61.0,62.0
A,Annual,SVN,Slovenia,WEF_GCIHH_GCI_B_05,5th pillar: Higher education and training,1_TO_7,1-7 scale,WEF_GCIHH,Global Competitiveness Index (GCI) - Historical Dataset,0,Units,A,Normal value,PU,Public,5.08,5.15,5.16,5.27,5.16,5.2,5.21,5.33,5.41,5.42,5.37
A,Annual,SVN,Slovenia,WEF_GCIHH_GCI_B_05,5th pillar: Higher education and training,RANK,Rank,WEF_GCIHH,Global Competitiveness Index (GCI) - Historical Dataset,0,Units,A,Normal value,PU,Public,24.0,22.0,19.0,21.0,21.0,23.0,25.0,25.0,22.0,22.0,24.0
A,Annual,SWE,Sweden,WEF_GCIHH_GCI_B_05,5th pillar: Higher education and training,1_TO_7,1-7 scale,WEF_GCIHH,Global Competitiveness Index (GCI) - Historical Dataset,0,Units,A,Normal value,PU,Public,5.98,5.83,5.76,5.9,5.81,5.75,5.69,5.59,5.67,5.63,5.59
A,Annual,SWE,Sweden,WEF_GCIHH_GCI_B_05,5th pillar: Higher education and training,RANK,Rank,WEF_GCIHH,Global Competitiveness Index (GCI) - Historical Dataset,0,Units,A,Normal value,PU,Public,2.0,3.0,3.0,2.0,2.0,7.0,8.0,14.0,12.0,15.0,18.0
A,Annual,SWZ,Eswatini,WEF_GCIHH_GCI_B_05,5th pillar: Higher education and training,1_TO_7,1-7 scale,WEF_GCIHH,Global Competitiveness Index (GCI) - Historical Dataset,0,Units,A,Normal value,PU,Public,,,,2.81,2.8,2.95,3.09,3.18,3.11,,3.24
A,Annual,SWZ,Eswatini,WEF_GCIHH_GCI_B_05,5th pillar: Higher education and training,RANK,Rank,WEF_GCIHH,Global Competitiveness Index (GCI) - Historical Dataset,0,Units,A,Normal value,PU,Public,,,,125.0,127.0,125.0,117.0,120.0,118.0,,112.0
A,Annual,SYC,Seychelles,WEF_GCIHH_GCI_B_05,5th pillar: Higher education and training,1_TO_7,1-7 scale,WEF_GCIHH,Global Competitiveness Index (GCI) - Historical Dataset,0,Units,A,Normal value,PU,Public,,,,,,4.98,4.13,4.04,3.85,,3.92
A,Annual,SYC,Seychelles,WEF_GCIHH_GCI_B_05,5th pillar: Higher education and training,RANK,Rank,WEF_GCIHH,Global Competitiveness Index (GCI) - Historical Dataset,0,Units,A,Normal value,PU,Public,,,,,,31.0,79.0,85.0,92.0,,94.0
A,Annual,SYR,Syrian Arab Republic,WEF_GCIHH_GCI_B_05,5th pillar: Higher education and training,1_TO_7,1-7 scale,WEF_GCIHH,Global Competitiveness Index (GCI) - Historical Dataset,0,Units,A,Normal value,PU,Public,3.13,3.28,3.24,3.31,3.45,,,,,,
A,Annual,SYR,Syrian Arab Republic,WEF_GCIHH_GCI_B_05,5th pillar: Higher education and training,RANK,Rank,WEF_GCIHH,Global Competitiveness Index (GCI) - Historical Dataset,0,Units,A,Normal value,PU,Public,104.0,101.0,104.0,107.0,106.0,,,,,,
A,Annual,TCD,Chad,WEF_GCIHH_GCI_B_05,5th pillar: Higher education and training,1_TO_7,1-7 scale,WEF_GCIHH,Global Competitiveness Index (GCI) - Historical Dataset,0,Units,A,Normal value,PU,Public,2.0,2.06,2.23,2.33,2.38,2.34,2.09,2.05,2.19,2.21,2.3
A,Annual,TCD,Chad,WEF_GCIHH_GCI_B_05,5th pillar: Higher education and training,RANK,Rank,WEF_GCIHH,Global Competitiveness Index (GCI) - Historical Dataset,0,Units,A,Normal value,PU,Public,131.0,134.0,133.0,136.0,137.0,140.0,145.0,143.0,138.0,137.0,134.0
A,Annual,THA,Thailand,WEF_GCIHH_GCI_B_05,5th pillar: Higher education and training,1_TO_7,1-7 scale,WEF_GCIHH,Global Competitiveness Index (GCI) - Historical Dataset,0,Units,A,Normal value,PU,Public,4.38,4.31,4.27,4.25,4.25,4.35,4.29,4.58,4.57,4.54,4.56
A,Annual,THA,Thailand,WEF_GCIHH_GCI_B_05,5th pillar: Higher education and training,RANK,Rank,WEF_GCIHH,Global Competitiveness Index (GCI) - Historical Dataset,0,Units,A,Normal value,PU,Public,44.0,51.0,54.0,59.0,62.0,60.0,66.0,59.0,56.0,62.0,57.0
A,Annual,TJK,Tajikistan,WEF_GCIHH_GCI_B_05,5th pillar: Higher education and training,1_TO_7,1-7 scale,WEF_GCIHH,Global Competitiveness Index (GCI) - Historical Dataset,0,Units,A,Normal value,PU,Public,3.06,3.24,3.21,3.41,3.64,3.86,,3.97,4.12,4.28,4.31
A,Annual,TJK,Tajikistan,WEF_GCIHH_GCI_B_05,5th pillar: Higher education and training,RANK,Rank,WEF_GCIHH,Global Competitiveness Index (GCI) - Historical Dataset,0,Units,A,Normal value,PU,Public,106.0,104.0,107.0,105.0,96.0,90.0,,88.0,75.0,75.0,76.0
A,Annual,TLS,Timor-Leste,WEF_GCIHH_GCI_B_05,5th pillar: Higher education and training,1_TO_7,1-7 scale,WEF_GCIHH,Global Competitiveness Index (GCI) - Historical Dataset,0,Units,A,Normal value,PU,Public,2.39,2.57,2.89,2.66,2.63,2.75,2.63,2.52,,,
A,Annual,TLS,Timor-Leste,WEF_GCIHH_GCI_B_05,5th pillar: Higher education and training,RANK,Rank,WEF_GCIHH,Global Competitiveness Index (GCI) - Historical Dataset,0,Units,A,Normal value,PU,Public,127.0,128.0,116.0,130.0,134.0,131.0,134.0,133.0,,,
A,Annual,TTO,Trinidad and Tobago,WEF_GCIHH_GCI_B_05,5th pillar: Higher education and training,1_TO_7,1-7 scale,WEF_GCIHH,Global Competitiveness Index (GCI) - Historical Dataset,0,Units,A,Normal value,PU,Public,3.87,3.81,4.05,4.24,4.2,4.2,4.21,4.19,4.26,4.3,5.1
A,Annual,TTO,Trinidad and Tobago,WEF_GCIHH_GCI_B_05,5th pillar: Higher education and training,RANK,Rank,WEF_GCIHH,Global Competitiveness Index (GCI) - Historical Dataset,0,Units,A,Normal value,PU,Public,70.0,78.0,63.0,61.0,64.0,71.0,75.0,77.0,73.0,74.0,33.0
A,Annual,TUN,Tunisia,WEF_GCIHH_GCI_B_05,5th pillar: Higher education and training,1_TO_7,1-7 scale,WEF_GCIHH,Global Competitiveness Index (GCI) - Historical Dataset,0,Units,A,Normal value,PU,Public,4.78,4.85,4.7,4.89,4.67,,4.22,4.28,4.12,4.02,4.09
A,Annual,TUN,Tunisia,WEF_GCIHH_GCI_B_05,5th pillar: Higher education and training,RANK,Rank,WEF_GCIHH,Global Competitiveness Index (GCI) - Historical Dataset,0,Units,A,Normal value,PU,Public,30.0,27.0,32.0,30.0,44.0,,73.0,73.0,76.0,93.0,82.0
A,Annual,TUR,Turkiye,WEF_GCIHH_GCI_B_05,5th pillar: Higher education and training,1_TO_7,1-7 scale,WEF_GCIHH,Global Competitiveness Index (GCI) - Historical Dataset,0,Units,A,Normal value,PU,Public,4.05,3.87,3.88,4.04,4.02,4.15,4.29,4.69,4.58,4.69,4.78
A,Annual,TUR,Turkiye,WEF_GCIHH_GCI_B_05,5th pillar: Higher education and training,RANK,Rank,WEF_GCIHH,Global Competitiveness Index (GCI) - Historical Dataset,0,Units,A,Normal value,PU,Public,60.0,72.0,73.0,71.0,74.0,74.0,65.0,50.0,55.0,50.0,48.0
A,Annual,TWN,"Taiwan, China",WEF_GCIHH_GCI_B_05,5th pillar: Higher education and training,1_TO_7,1-7 scale,WEF_GCIHH,Global Competitiveness Index (GCI) - Historical Dataset,0,Units,A,Normal value,PU,Public,5.73,5.46,5.43,5.63,5.64,5.68,5.65,5.63,5.6,5.61,5.63
A,Annual,TWN,"Taiwan, China",WEF_GCIHH_GCI_B_05,5th pillar: Higher education and training,RANK,Rank,WEF_GCIHH,Global Competitiveness Index (GCI) - Historical Dataset,0,Units,A,Normal value,PU,Public,4.0,13.0,13.0,11.0,10.0,9.0,11.0,12.0,14.0,17.0,17.0
A,Annual,TZA,Tanzania,WEF_GCIHH_GCI_B_05,5th pillar: Higher education and training,1_TO_7,1-7 scale,WEF_GCIHH,Global Competitiveness Index (GCI) - Historical Dataset,0,Units,A,Normal value,PU,Public,2.55,2.42,2.58,2.54,2.69,2.71,2.54,2.45,2.47,2.6,2.63
A,Annual,TZA,Tanzania,WEF_GCIHH_GCI_B_05,5th pillar: Higher education and training,RANK,Rank,WEF_GCIHH,Global Competitiveness Index (GCI) - Historical Dataset,0,Units,A,Normal value,PU,Public,123.0,132.0,128.0,133.0,131.0,132.0,138.0,134.0,135.0,132.0,130.0
A,Annual,UGA,Uganda,WEF_GCIHH_GCI_B_05,5th pillar: Higher education and training,1_TO_7,1-7 scale,WEF_GCIHH,Global Competitiveness Index (GCI) - Historical Dataset,0,Units,A,Normal value,PU,Public,2.84,2.81,2.76,2.76,2.86,2.86,2.72,2.68,2.71,2.74,2.76
A,Annual,UGA,Uganda,WEF_GCIHH_GCI_B_05,5th pillar: Higher education and training,RANK,Rank,WEF_GCIHH,Global Competitiveness Index (GCI) - Historical Dataset,0,Units,A,Normal value,PU,Public,115.0,120.0,123.0,127.0,125.0,127.0,131.0,129.0,130.0,129.0,126.0
A,Annual,UKR,Ukraine,WEF_GCIHH_GCI_B_05,5th pillar: Higher education and training,1_TO_7,1-7 scale,WEF_GCIHH,Global Competitiveness Index (GCI) - Historical Dataset,0,Units,A,Normal value,PU,Public,4.2,4.46,4.38,4.61,4.58,4.7,4.75,4.93,5.03,5.08,5.09
A,Annual,UKR,Ukraine,WEF_GCIHH_GCI_B_05,5th pillar: Higher education and training,RANK,Rank,WEF_GCIHH,Global Competitiveness Index (GCI) - Historical Dataset,0,Units,A,Normal value,PU,Public,53.0,43.0,46.0,46.0,51.0,47.0,43.0,40.0,34.0,33.0,35.0
A,Annual,URY,Uruguay,WEF_GCIHH_GCI_B_05,5th pillar: Higher education and training,1_TO_7,1-7 scale,WEF_GCIHH,Global Competitiveness Index (GCI) - Historical Dataset,0,Units,A,Normal value,PU,Public,3.99,4.07,4.31,4.68,4.69,4.67,4.53,4.71,4.74,4.75,4.62
A,Annual,URY,Uruguay,WEF_GCIHH_GCI_B_05,5th pillar: Higher education and training,RANK,Rank,WEF_GCIHH,Global Competitiveness Index (GCI) - Historical Dataset,0,Units,A,Normal value,PU,Public,67.0,62.0,50.0,40.0,42.0,50.0,52.0,49.0,48.0,48.0,53.0
A,Annual,USA,United States,WEF_GCIHH_GCI_B_05,5th pillar: Higher education and training,1_TO_7,1-7 scale,WEF_GCIHH,Global Competitiveness Index (GCI) - Historical Dataset,0,Units,A,Normal value,PU,Public,5.68,5.67,5.57,5.64,5.57,5.72,5.75,5.82,5.87,5.91,6.12
A,Annual,USA,United States,WEF_GCIHH_GCI_B_05,5th pillar: Higher education and training,RANK,Rank,WEF_GCIHH,Global Competitiveness Index (GCI) - Historical Dataset,0,Units,A,Normal value,PU,Public,5.0,5.0,7.0,9.0,13.0,8.0,7.0,7.0,6.0,8.0,3.0
A,Annual,VEN,"Venezuela, RB",WEF_GCIHH_GCI_B_05,5th pillar: Higher education and training,1_TO_7,1-7 scale,WEF_GCIHH,Global Competitiveness Index (GCI) - Historical Dataset,0,Units,A,Normal value,PU,Public,3.61,3.76,3.71,4.1,4.17,4.24,4.21,4.34,4.52,4.68,4.56
A,Annual,VEN,"Venezuela, RB",WEF_GCIHH_GCI_B_05,5th pillar: Higher education and training,RANK,Rank,WEF_GCIHH,Global Competitiveness Index (GCI) - Historical Dataset,0,Units,A,Normal value,PU,Public,85.0,79.0,83.0,68.0,67.0,68.0,74.0,70.0,61.0,53.0,58.0
A,Annual,VNM,Viet Nam,WEF_GCIHH_GCI_B_05,5th pillar: Higher education and training,1_TO_7,1-7 scale,WEF_GCIHH,Global Competitiveness Index (GCI) - Historical Dataset,0,Units,A,Normal value,PU,Public,3.39,3.36,3.54,3.64,3.47,3.69,3.69,3.74,3.8,4.11,4.07
A,Annual,VNM,Viet Nam,WEF_GCIHH_GCI_B_05,5th pillar: Higher education and training,RANK,Rank,WEF_GCIHH,Global Competitiveness Index (GCI) - Historical Dataset,0,Units,A,Normal value,PU,Public,93.0,98.0,92.0,93.0,103.0,96.0,95.0,96.0,95.0,83.0,84.0
A,Annual,YEM,"Yemen, Rep.",WEF_GCIHH_GCI_B_05,5th pillar: Higher education and training,1_TO_7,1-7 scale,WEF_GCIHH,Global Competitiveness Index (GCI) - Historical Dataset,0,Units,A,Normal value,PU,Public,,,,,2.3,2.35,2.31,2.29,,2.26,2.25
A,Annual,YEM,"Yemen, Rep.",WEF_GCIHH_GCI_B_05,5th pillar: Higher education and training,RANK,Rank,WEF_GCIHH,Global Competitiveness Index (GCI) - Historical Dataset,0,Units,A,Normal value,PU,Public,,,,,138.0,139.0,144.0,139.0,,136.0,136.0
A,Annual,ZAF,South Africa,WEF_GCIHH_GCI_B_05,5th pillar: Higher education and training,1_TO_7,1-7 scale,WEF_GCIHH,Global Competitiveness Index (GCI) - Historical Dataset,0,Units,A,Normal value,PU,Public,4.12,4.13,4.0,4.01,4.03,3.98,3.94,4.04,4.07,4.22,4.06
A,Annual,ZAF,South Africa,WEF_GCIHH_GCI_B_05,5th pillar: Higher education and training,RANK,Rank,WEF_GCIHH,Global Competitiveness Index (GCI) - Historical Dataset,0,Units,A,Normal value,PU,Public,56.0,57.0,65.0,75.0,73.0,84.0,89.0,86.0,83.0,77.0,85.0
A,Annual,ZMB,Zambia,WEF_GCIHH_GCI_B_05,5th pillar: Higher education and training,1_TO_7,1-7 scale,WEF_GCIHH,Global Competitiveness Index (GCI) - Historical Dataset,0,Units,A,Normal value,PU,Public,2.56,2.83,2.97,3.17,3.03,3.07,3.05,4.16,4.09,2.99,2.92
A,Annual,ZMB,Zambia,WEF_GCIHH_GCI_B_05,5th pillar: Higher education and training,RANK,Rank,WEF_GCIHH,Global Competitiveness Index (GCI) - Historical Dataset,0,Units,A,Normal value,PU,Public,122.0,118.0,114.0,114.0,121.0,121.0,119.0,80.0,78.0,120.0,121.0
A,Annual,ZWE,Zimbabwe,WEF_GCIHH_GCI_B_05,5th pillar: Higher education and training,1_TO_7,1-7 scale,WEF_GCIHH,Global Competitiveness Index (GCI) - Historical Dataset,0,Units,A,Normal value,PU,Public,3.15,3.18,3.16,3.07,3.12,3.14,2.95,3.18,3.14,3.15,3.11
A,Annual,ZWE,Zimbabwe,WEF_GCIHH_GCI_B_05,5th pillar: Higher education and training,RANK,Rank,WEF_GCIHH,Global Competitiveness Index (GCI) - Historical Dataset,0,Units,A,Normal value,PU,Public,102.0,107.0,111.0,115.0,118.0,118.0,124.0,118.0,117.0,115.0,115.0
