FREQ_ID,FREQ_NAME,REF_AREA_ID,REF_AREA_NAME,INDICATOR_ID,INDICATOR_NAME,AGE_ID,AGE_NAME,UNIT_MEASURE_ID,UNIT_MEASURE_NAME,DEFINITION_ID,DEFINITION_NAME,STATISTICAL_OPERATION_ID,STATISTICAL_OPERATION_NAME,DATABASE_ID_ID,DATABASE_ID_NAME,UNIT_MULT_ID,UNIT_MULT_NAME,OBS_STATUS_ID,OBS_STATUS_NAME,OBS_CONF_ID,OBS_CONF_NAME,1976,1977,1978,1979,1980,1981,1982,1983,1984,1985,1986,1987,1988,1989,1990,1991,1992,1993,1994,1995,1996,1997,1998,1999,2000,2001,2002,2003,2004,2005,2006,2007,2008,2009,2010,2011,2012,2013,2014,2015,2016,2017,2018,2019,2020,2021,2022,2023
A,Annual,AUS,Australia,OECD_IDD_EAR_METH2012,Total earnings (employee income) (Income definition since 2012),Y18T65,18 to 65 years old,XDC_HH_EQ,Domestic currency per equivalized household,OECD_IDD_DEFINITION_D_CUR,Definition: Current definition (OECD_IDD),OECD_IDD_STATISTICAL_OPERATION_MEAN,Statistical operation: Arithmetic mean (OECD_IDD),OECD_IDD,Income Distribution Database,0,Units,A,Normal value,PU,Public,,,,,,,,,,,,,,,,,,,,,,,,,,,,,,,,,,,,,56267.0,,60898.0,,64094.0,,66868.0,,72416.0,,,
A,Annual,AUS,Australia,OECD_IDD_EAR_METH2012,Total earnings (employee income) (Income definition since 2012),Y_GT65,Over 65 years,XDC_HH_EQ,Domestic currency per equivalized household,OECD_IDD_DEFINITION_D_CUR,Definition: Current definition (OECD_IDD),OECD_IDD_STATISTICAL_OPERATION_MEAN,Statistical operation: Arithmetic mean (OECD_IDD),OECD_IDD,Income Distribution Database,0,Units,A,Normal value,PU,Public,,,,,,,,,,,,,,,,,,,,,,,,,,,,,,,,,,,,,8087.0,,10607.0,,10659.0,,12888.0,,12713.0,,,
A,Annual,AUS,Australia,OECD_IDD_EAR_METH2012,Total earnings (employee income) (Income definition since 2012),_T,All age ranges or no breakdown by age,XDC_HH_EQ,Domestic currency per equivalized household,OECD_IDD_DEFINITION_D_CUR,Definition: Current definition (OECD_IDD),OECD_IDD_STATISTICAL_OPERATION_MEAN,Statistical operation: Arithmetic mean (OECD_IDD),OECD_IDD,Income Distribution Database,0,Units,A,Normal value,PU,Public,,,,,,,,,,,,,,,,,,,,,,,,,,,,,,,,,,,,,47924.0,,51918.0,,54709.0,,56697.0,,61281.0,,,
A,Annual,AUT,Austria,OECD_IDD_EAR_METH2012,Total earnings (employee income) (Income definition since 2012),Y18T65,18 to 65 years old,XDC_HH_EQ,Domestic currency per equivalized household,OECD_IDD_DEFINITION_D_CUR,Definition: Current definition (OECD_IDD),OECD_IDD_STATISTICAL_OPERATION_MEAN,Statistical operation: Arithmetic mean (OECD_IDD),OECD_IDD,Income Distribution Database,0,Units,A,Normal value,PU,Public,,,,,,,,,,,,,,,,,,,,,,,,,,,,,,,,25225.0,26538.0,26677.0,26255.0,27318.0,28176.0,29702.0,29534.0,29825.0,31404.0,31520.0,32162.0,33668.0,32197.0,33362.0,,
A,Annual,AUT,Austria,OECD_IDD_EAR_METH2012,Total earnings (employee income) (Income definition since 2012),Y18T65,18 to 65 years old,XDC_HH_EQ,Domestic currency per equivalized household,OECD_IDD_DEFINITION_D_INC,Definition: Previous definition - without overlap year (OECD_IDD),OECD_IDD_STATISTICAL_OPERATION_MEAN,Statistical operation: Arithmetic mean (OECD_IDD),OECD_IDD,Income Distribution Database,0,Units,A,Normal value,PU,Public,,,,,,,,,,,,,,,,,,,,,,,,,,,,,21624.0,21477.0,22137.0,,,,,,,,,,,,,,,,,
A,Annual,AUT,Austria,OECD_IDD_EAR_METH2012,Total earnings (employee income) (Income definition since 2012),Y_GT65,Over 65 years,XDC_HH_EQ,Domestic currency per equivalized household,OECD_IDD_DEFINITION_D_CUR,Definition: Current definition (OECD_IDD),OECD_IDD_STATISTICAL_OPERATION_MEAN,Statistical operation: Arithmetic mean (OECD_IDD),OECD_IDD,Income Distribution Database,0,Units,A,Normal value,PU,Public,,,,,,,,,,,,,,,,,,,,,,,,,,,,,,,,3401.0,2904.0,3453.0,3186.0,2837.0,2878.0,3072.0,3142.0,3189.0,3673.0,3961.0,4014.0,4067.0,3644.0,3922.0,,
A,Annual,AUT,Austria,OECD_IDD_EAR_METH2012,Total earnings (employee income) (Income definition since 2012),Y_GT65,Over 65 years,XDC_HH_EQ,Domestic currency per equivalized household,OECD_IDD_DEFINITION_D_INC,Definition: Previous definition - without overlap year (OECD_IDD),OECD_IDD_STATISTICAL_OPERATION_MEAN,Statistical operation: Arithmetic mean (OECD_IDD),OECD_IDD,Income Distribution Database,0,Units,A,Normal value,PU,Public,,,,,,,,,,,,,,,,,,,,,,,,,,,,,3588.0,3162.0,3104.0,,,,,,,,,,,,,,,,,
A,Annual,AUT,Austria,OECD_IDD_EAR_METH2012,Total earnings (employee income) (Income definition since 2012),_T,All age ranges or no breakdown by age,XDC_HH_EQ,Domestic currency per equivalized household,OECD_IDD_DEFINITION_D_CUR,Definition: Current definition (OECD_IDD),OECD_IDD_STATISTICAL_OPERATION_MEAN,Statistical operation: Arithmetic mean (OECD_IDD),OECD_IDD,Income Distribution Database,0,Units,A,Normal value,PU,Public,,,,,,,,,,,,,,,,,,,,,,,,,,,,,,,,20975.0,22023.0,22102.0,21568.0,22323.0,22998.0,24055.0,23962.0,24385.0,25642.0,25962.0,26452.0,27585.0,26549.0,27734.0,,
A,Annual,AUT,Austria,OECD_IDD_EAR_METH2012,Total earnings (employee income) (Income definition since 2012),_T,All age ranges or no breakdown by age,XDC_HH_EQ,Domestic currency per equivalized household,OECD_IDD_DEFINITION_D_INC,Definition: Previous definition - without overlap year (OECD_IDD),OECD_IDD_STATISTICAL_OPERATION_MEAN,Statistical operation: Arithmetic mean (OECD_IDD),OECD_IDD,Income Distribution Database,0,Units,A,Normal value,PU,Public,,,,,,,,,,,,,,,,,,,,,,,,,,,,,18314.0,18070.0,18575.0,,,,,,,,,,,,,,,,,
A,Annual,BEL,Belgium,OECD_IDD_EAR_METH2012,Total earnings (employee income) (Income definition since 2012),Y18T65,18 to 65 years old,XDC_HH_EQ,Domestic currency per equivalized household,OECD_IDD_DEFINITION_D_CUR,Definition: Current definition (OECD_IDD),OECD_IDD_STATISTICAL_OPERATION_MEAN,Statistical operation: Arithmetic mean (OECD_IDD),OECD_IDD,Income Distribution Database,0,Units,A,Normal value,PU,Public,,,,,,,,,,,,,,,,,,,,,,,,,,,,,,,,,,,,,,,,,,,32522.0,33903.0,33813.0,36815.0,,
A,Annual,BEL,Belgium,OECD_IDD_EAR_METH2012,Total earnings (employee income) (Income definition since 2012),Y18T65,18 to 65 years old,XDC_HH_EQ,Domestic currency per equivalized household,OECD_IDD_DEFINITION_D_INC,Definition: Previous definition - without overlap year (OECD_IDD),OECD_IDD_STATISTICAL_OPERATION_MEAN,Statistical operation: Arithmetic mean (OECD_IDD),OECD_IDD,Income Distribution Database,0,Units,A,Normal value,PU,Public,,,,,,,,,,,,,,,,,,,,,,,,,,,,,21692.0,22561.0,23053.0,23840.0,24897.0,24965.0,25749.0,26685.0,28088.0,28602.0,28339.0,28725.0,29533.0,30371.0,,,,,,
A,Annual,BEL,Belgium,OECD_IDD_EAR_METH2012,Total earnings (employee income) (Income definition since 2012),Y_GT65,Over 65 years,XDC_HH_EQ,Domestic currency per equivalized household,OECD_IDD_DEFINITION_D_CUR,Definition: Current definition (OECD_IDD),OECD_IDD_STATISTICAL_OPERATION_MEAN,Statistical operation: Arithmetic mean (OECD_IDD),OECD_IDD,Income Distribution Database,0,Units,A,Normal value,PU,Public,,,,,,,,,,,,,,,,,,,,,,,,,,,,,,,,,,,,,,,,,,,2499.0,2168.0,2177.0,2359.0,,
A,Annual,BEL,Belgium,OECD_IDD_EAR_METH2012,Total earnings (employee income) (Income definition since 2012),Y_GT65,Over 65 years,XDC_HH_EQ,Domestic currency per equivalized household,OECD_IDD_DEFINITION_D_INC,Definition: Previous definition - without overlap year (OECD_IDD),OECD_IDD_STATISTICAL_OPERATION_MEAN,Statistical operation: Arithmetic mean (OECD_IDD),OECD_IDD,Income Distribution Database,0,Units,A,Normal value,PU,Public,,,,,,,,,,,,,,,,,,,,,,,,,,,,,1717.0,1839.0,1969.0,1829.0,2008.0,2046.0,2212.0,2110.0,1930.0,1890.0,1868.0,2637.0,1834.0,2225.0,,,,,,
A,Annual,BEL,Belgium,OECD_IDD_EAR_METH2012,Total earnings (employee income) (Income definition since 2012),_T,All age ranges or no breakdown by age,XDC_HH_EQ,Domestic currency per equivalized household,OECD_IDD_DEFINITION_D_CUR,Definition: Current definition (OECD_IDD),OECD_IDD_STATISTICAL_OPERATION_MEAN,Statistical operation: Arithmetic mean (OECD_IDD),OECD_IDD,Income Distribution Database,0,Units,A,Normal value,PU,Public,,,,,,,,,,,,,,,,,,,,,,,,,,,,,,,,,,,,,,,,,,,26858.0,27725.0,27668.0,30224.0,,
A,Annual,BEL,Belgium,OECD_IDD_EAR_METH2012,Total earnings (employee income) (Income definition since 2012),_T,All age ranges or no breakdown by age,XDC_HH_EQ,Domestic currency per equivalized household,OECD_IDD_DEFINITION_D_INC,Definition: Previous definition - without overlap year (OECD_IDD),OECD_IDD_STATISTICAL_OPERATION_MEAN,Statistical operation: Arithmetic mean (OECD_IDD),OECD_IDD,Income Distribution Database,0,Units,A,Normal value,PU,Public,,,,,,,,,,,,,,,,,,,,,,,,,,,,,18073.0,19060.0,19419.0,20050.0,20894.0,21023.0,21611.0,22419.0,23489.0,23794.0,23587.0,23873.0,24368.0,25016.0,,,,,,
A,Annual,BGR,Bulgaria,OECD_IDD_EAR_METH2012,Total earnings (employee income) (Income definition since 2012),Y18T65,18 to 65 years old,XDC_HH_EQ,Domestic currency per equivalized household,OECD_IDD_DEFINITION_D_CUR,Definition: Current definition (OECD_IDD),OECD_IDD_STATISTICAL_OPERATION_MEAN,Statistical operation: Arithmetic mean (OECD_IDD),OECD_IDD,Income Distribution Database,0,Units,A,Normal value,PU,Public,,,,,,,,,,,,,,,,,,,,,,,,,,,,,,,3484.0,5611.0,6959.0,7137.0,6671.0,6910.0,7589.0,7824.0,8494.0,8633.0,9604.0,10055.0,12602.0,13783.0,14395.0,15850.0,,
A,Annual,BGR,Bulgaria,OECD_IDD_EAR_METH2012,Total earnings (employee income) (Income definition since 2012),Y_GT65,Over 65 years,XDC_HH_EQ,Domestic currency per equivalized household,OECD_IDD_DEFINITION_D_CUR,Definition: Current definition (OECD_IDD),OECD_IDD_STATISTICAL_OPERATION_MEAN,Statistical operation: Arithmetic mean (OECD_IDD),OECD_IDD,Income Distribution Database,0,Units,A,Normal value,PU,Public,,,,,,,,,,,,,,,,,,,,,,,,,,,,,,,1069.0,1592.0,1820.0,1997.0,2019.0,1969.0,2157.0,2115.0,1790.0,1817.0,2110.0,2360.0,2883.0,3084.0,3353.0,3909.0,,
A,Annual,BGR,Bulgaria,OECD_IDD_EAR_METH2012,Total earnings (employee income) (Income definition since 2012),_T,All age ranges or no breakdown by age,XDC_HH_EQ,Domestic currency per equivalized household,OECD_IDD_DEFINITION_D_CUR,Definition: Current definition (OECD_IDD),OECD_IDD_STATISTICAL_OPERATION_MEAN,Statistical operation: Arithmetic mean (OECD_IDD),OECD_IDD,Income Distribution Database,0,Units,A,Normal value,PU,Public,,,,,,,,,,,,,,,,,,,,,,,,,,,,,,,3004.0,4845.0,5928.0,6099.0,5707.0,5811.0,6332.0,6510.0,7059.0,7053.0,7909.0,8264.0,10326.0,11228.0,11742.0,13092.0,,
A,Annual,BRA,Brazil,OECD_IDD_EAR_METH2012,Total earnings (employee income) (Income definition since 2012),Y18T65,18 to 65 years old,XDC_HH_EQ,Domestic currency per equivalized household,OECD_IDD_DEFINITION_D_CUR,Definition: Current definition (OECD_IDD),OECD_IDD_STATISTICAL_OPERATION_MEAN,Statistical operation: Arithmetic mean (OECD_IDD),OECD_IDD,Income Distribution Database,0,Units,A,Normal value,PU,Public,,,,,,,,,,,,,,,,,,,,,,,,,,,,,,,,,,,,,,,,,17654.0,18973.0,19195.0,19841.0,19782.0,20304.0,23279.0,
A,Annual,BRA,Brazil,OECD_IDD_EAR_METH2012,Total earnings (employee income) (Income definition since 2012),Y_GT65,Over 65 years,XDC_HH_EQ,Domestic currency per equivalized household,OECD_IDD_DEFINITION_D_CUR,Definition: Current definition (OECD_IDD),OECD_IDD_STATISTICAL_OPERATION_MEAN,Statistical operation: Arithmetic mean (OECD_IDD),OECD_IDD,Income Distribution Database,0,Units,A,Normal value,PU,Public,,,,,,,,,,,,,,,,,,,,,,,,,,,,,,,,,,,,,,,,,7406.0,7954.0,7975.0,8573.0,8394.0,9035.0,9395.0,
A,Annual,BRA,Brazil,OECD_IDD_EAR_METH2012,Total earnings (employee income) (Income definition since 2012),_T,All age ranges or no breakdown by age,XDC_HH_EQ,Domestic currency per equivalized household,OECD_IDD_DEFINITION_D_CUR,Definition: Current definition (OECD_IDD),OECD_IDD_STATISTICAL_OPERATION_MEAN,Statistical operation: Arithmetic mean (OECD_IDD),OECD_IDD,Income Distribution Database,0,Units,A,Normal value,PU,Public,,,,,,,,,,,,,,,,,,,,,,,,,,,,,,,,,,,,,,,,,15543.0,16782.0,17043.0,17721.0,17771.0,18100.0,20604.0,
A,Annual,CAN,Canada,OECD_IDD_EAR_METH2012,Total earnings (employee income) (Income definition since 2012),Y18T65,18 to 65 years old,XDC_HH_EQ,Domestic currency per equivalized household,OECD_IDD_DEFINITION_D_CUR,Definition: Current definition (OECD_IDD),OECD_IDD_STATISTICAL_OPERATION_MEAN,Statistical operation: Arithmetic mean (OECD_IDD),OECD_IDD,Income Distribution Database,0,Units,A,Normal value,PU,Public,9210.0,10043.0,10928.0,12081.0,13380.0,14893.0,15586.0,16389.0,17164.0,18227.0,19644.0,20781.0,22602.0,23836.0,24092.0,24064.0,24074.0,23729.0,24092.0,24319.0,25004.0,25972.0,27766.0,29144.0,31226.0,32182.0,32716.0,33626.0,34947.0,36330.0,38123.0,40100.0,41708.0,41026.0,41981.0,43679.0,44830.0,46764.0,47884.0,48764.0,49391.0,50809.0,52768.0,54123.0,53207.0,59211.0,,
A,Annual,CAN,Canada,OECD_IDD_EAR_METH2012,Total earnings (employee income) (Income definition since 2012),Y_GT65,Over 65 years,XDC_HH_EQ,Domestic currency per equivalized household,OECD_IDD_DEFINITION_D_CUR,Definition: Current definition (OECD_IDD),OECD_IDD_STATISTICAL_OPERATION_MEAN,Statistical operation: Arithmetic mean (OECD_IDD),OECD_IDD,Income Distribution Database,0,Units,A,Normal value,PU,Public,2110.0,2214.0,2610.0,2534.0,2558.0,2751.0,2853.0,2848.0,3233.0,2826.0,3064.0,3066.0,3488.0,4089.0,3414.0,3740.0,3233.0,3486.0,3395.0,3581.0,4162.0,3896.0,4140.0,4182.0,4753.0,4803.0,5142.0,5070.0,5122.0,5608.0,6588.0,7194.0,7647.0,7423.0,7680.0,8414.0,9614.0,10191.0,10406.0,10589.0,10983.0,10477.0,11261.0,11387.0,11008.0,13479.0,,
A,Annual,CAN,Canada,OECD_IDD_EAR_METH2012,Total earnings (employee income) (Income definition since 2012),_T,All age ranges or no breakdown by age,XDC_HH_EQ,Domestic currency per equivalized household,OECD_IDD_DEFINITION_D_CUR,Definition: Current definition (OECD_IDD),OECD_IDD_STATISTICAL_OPERATION_MEAN,Statistical operation: Arithmetic mean (OECD_IDD),OECD_IDD,Income Distribution Database,0,Units,A,Normal value,PU,Public,8133.0,8866.0,9622.0,10662.0,11773.0,13120.0,13755.0,14472.0,15156.0,16089.0,17242.0,18270.0,19857.0,20973.0,21072.0,21039.0,21116.0,20662.0,21113.0,21310.0,21901.0,22741.0,24377.0,25344.0,27317.0,28171.0,28651.0,29503.0,30614.0,31782.0,33155.0,34780.0,36273.0,35592.0,36469.0,38072.0,39277.0,40467.0,41744.0,42156.0,42323.0,43564.0,45152.0,46066.0,45229.0,49754.0,,
A,Annual,CHE,Switzerland,OECD_IDD_EAR_METH2012,Total earnings (employee income) (Income definition since 2012),Y18T65,18 to 65 years old,XDC_HH_EQ,Domestic currency per equivalized household,OECD_IDD_DEFINITION_D_CUR,Definition: Current definition (OECD_IDD),OECD_IDD_STATISTICAL_OPERATION_MEAN,Statistical operation: Arithmetic mean (OECD_IDD),OECD_IDD,Income Distribution Database,0,Units,A,Normal value,PU,Public,,,,,,,,,,,,,,,,,,,,,,,,,,,,,,,63762.0,65940.0,69943.0,70700.0,72159.0,74622.0,76124.0,71714.0,71626.0,72595.0,73031.0,73608.0,75013.0,76667.0,77123.0,,,
A,Annual,CHE,Switzerland,OECD_IDD_EAR_METH2012,Total earnings (employee income) (Income definition since 2012),_T,All age ranges or no breakdown by age,XDC_HH_EQ,Domestic currency per equivalized household,OECD_IDD_DEFINITION_D_CUR,Definition: Current definition (OECD_IDD),OECD_IDD_STATISTICAL_OPERATION_MEAN,Statistical operation: Arithmetic mean (OECD_IDD),OECD_IDD,Income Distribution Database,0,Units,A,Normal value,PU,Public,,,,,,,,,,,,,,,,,,,,,,,,,,,,,,,54014.0,55258.0,58273.0,58668.0,60440.0,62018.0,63177.0,59628.0,59568.0,59774.0,60134.0,60233.0,61688.0,62590.0,63084.0,,,
A,Annual,CHL,Chile,OECD_IDD_EAR_METH2012,Total earnings (employee income) (Income definition since 2012),Y18T65,18 to 65 years old,XDC_HH_EQ,Domestic currency per equivalized household,OECD_IDD_DEFINITION_D_CUR,Definition: Current definition (OECD_IDD),OECD_IDD_STATISTICAL_OPERATION_MEAN,Statistical operation: Arithmetic mean (OECD_IDD),OECD_IDD,Income Distribution Database,0,Units,A,Normal value,PU,Public,,,,,,,,,,,,,,,,,,,,,,,,,,,,,,,,,,3302191.0,,3854421.0,,4843915.0,,5458793.0,,6024751.0,,,5255679.0,,7094078.0,
A,Annual,CHL,Chile,OECD_IDD_EAR_METH2012,Total earnings (employee income) (Income definition since 2012),Y_GT65,Over 65 years,XDC_HH_EQ,Domestic currency per equivalized household,OECD_IDD_DEFINITION_D_CUR,Definition: Current definition (OECD_IDD),OECD_IDD_STATISTICAL_OPERATION_MEAN,Statistical operation: Arithmetic mean (OECD_IDD),OECD_IDD,Income Distribution Database,0,Units,A,Normal value,PU,Public,,,,,,,,,,,,,,,,,,,,,,,,,,,,,,,,,,1475625.0,,1558146.0,,1839222.0,,2281520.0,,2431838.0,,,2019580.0,,2510612.0,
A,Annual,CHL,Chile,OECD_IDD_EAR_METH2012,Total earnings (employee income) (Income definition since 2012),_T,All age ranges or no breakdown by age,XDC_HH_EQ,Domestic currency per equivalized household,OECD_IDD_DEFINITION_D_CUR,Definition: Current definition (OECD_IDD),OECD_IDD_STATISTICAL_OPERATION_MEAN,Statistical operation: Arithmetic mean (OECD_IDD),OECD_IDD,Income Distribution Database,0,Units,A,Normal value,PU,Public,,,,,,,,,,,,,,,,,,,,,,,,,,,,,,,,,,2982915.0,,3437371.0,,4280528.0,,4845925.0,,5337338.0,,,4717265.0,,6281036.0,
A,Annual,CHN,China,OECD_IDD_EAR_METH2012,Total earnings (employee income) (Income definition since 2012),Y18T65,18 to 65 years old,XDC_HH_EQ,Domestic currency per equivalized household,OECD_IDD_DEFINITION_D_CUR,Definition: Current definition (OECD_IDD),OECD_IDD_STATISTICAL_OPERATION_MEAN,Statistical operation: Arithmetic mean (OECD_IDD),OECD_IDD,Income Distribution Database,0,Units,A,Normal value,PU,Public,,,,,,,,,,,,,,,,,,,,,,,,,,,,,,,,,,,,16350.0,,,,,,,,,,,,
A,Annual,CHN,China,OECD_IDD_EAR_METH2012,Total earnings (employee income) (Income definition since 2012),Y_GT65,Over 65 years,XDC_HH_EQ,Domestic currency per equivalized household,OECD_IDD_DEFINITION_D_CUR,Definition: Current definition (OECD_IDD),OECD_IDD_STATISTICAL_OPERATION_MEAN,Statistical operation: Arithmetic mean (OECD_IDD),OECD_IDD,Income Distribution Database,0,Units,A,Normal value,PU,Public,,,,,,,,,,,,,,,,,,,,,,,,,,,,,,,,,,,,8327.0,,,,,,,,,,,,
A,Annual,CHN,China,OECD_IDD_EAR_METH2012,Total earnings (employee income) (Income definition since 2012),_T,All age ranges or no breakdown by age,XDC_HH_EQ,Domestic currency per equivalized household,OECD_IDD_DEFINITION_D_CUR,Definition: Current definition (OECD_IDD),OECD_IDD_STATISTICAL_OPERATION_MEAN,Statistical operation: Arithmetic mean (OECD_IDD),OECD_IDD,Income Distribution Database,0,Units,A,Normal value,PU,Public,,,,,,,,,,,,,,,,,,,,,,,,,,,,,,,,,,,,14800.0,,,,,,,,,,,,
A,Annual,CRI,Costa Rica,OECD_IDD_EAR_METH2012,Total earnings (employee income) (Income definition since 2012),Y18T65,18 to 65 years old,XDC_HH_EQ,Domestic currency per equivalized household,OECD_IDD_DEFINITION_D_CUR,Definition: Current definition (OECD_IDD),OECD_IDD_STATISTICAL_OPERATION_MEAN,Statistical operation: Arithmetic mean (OECD_IDD),OECD_IDD,Income Distribution Database,0,Units,A,Normal value,PU,Public,,,,,,,,,,,,,,,,,,,,,,,,,,,,,,,,,,,3201449.0,3538512.0,3741575.0,4038300.0,4104905.0,4132227.0,4307784.0,4307913.0,4398792.0,4439139.0,3795331.0,4359236.0,4610210.0,4921035.0
A,Annual,CRI,Costa Rica,OECD_IDD_EAR_METH2012,Total earnings (employee income) (Income definition since 2012),Y_GT65,Over 65 years,XDC_HH_EQ,Domestic currency per equivalized household,OECD_IDD_DEFINITION_D_CUR,Definition: Current definition (OECD_IDD),OECD_IDD_STATISTICAL_OPERATION_MEAN,Statistical operation: Arithmetic mean (OECD_IDD),OECD_IDD,Income Distribution Database,0,Units,A,Normal value,PU,Public,,,,,,,,,,,,,,,,,,,,,,,,,,,,,,,,,,,1344861.0,1666653.0,2039696.0,2040304.0,2082988.0,1762807.0,1822554.0,1765543.0,1868843.0,1669112.0,1588376.0,1776880.0,1919463.0,1880288.0
A,Annual,CRI,Costa Rica,OECD_IDD_EAR_METH2012,Total earnings (employee income) (Income definition since 2012),_T,All age ranges or no breakdown by age,XDC_HH_EQ,Domestic currency per equivalized household,OECD_IDD_DEFINITION_D_CUR,Definition: Current definition (OECD_IDD),OECD_IDD_STATISTICAL_OPERATION_MEAN,Statistical operation: Arithmetic mean (OECD_IDD),OECD_IDD,Income Distribution Database,0,Units,A,Normal value,PU,Public,,,,,,,,,,,,,,,,,,,,,,,,,,,,,,,,,,,2808680.0,3096266.0,3305698.0,3524391.0,3600585.0,3653328.0,3771611.0,3760464.0,3823965.0,3832336.0,3291914.0,3779801.0,4005539.0,4215559.0
A,Annual,CZE,Czechia,OECD_IDD_EAR_METH2012,Total earnings (employee income) (Income definition since 2012),Y18T65,18 to 65 years old,XDC_HH_EQ,Domestic currency per equivalized household,OECD_IDD_DEFINITION_D_CUR,Definition: Current definition (OECD_IDD),OECD_IDD_STATISTICAL_OPERATION_MEAN,Statistical operation: Arithmetic mean (OECD_IDD),OECD_IDD,Income Distribution Database,0,Units,A,Normal value,PU,Public,,,,,,,,,,,,,,,,,,,,,,,,,,,,,153160.0,161401.0,176474.0,193264.0,207787.0,206125.0,209106.0,212546.0,214459.0,221767.0,235228.0,247587.0,265733.0,288968.0,312907.0,340460.0,340430.0,371668.0,,
A,Annual,CZE,Czechia,OECD_IDD_EAR_METH2012,Total earnings (employee income) (Income definition since 2012),Y_GT65,Over 65 years,XDC_HH_EQ,Domestic currency per equivalized household,OECD_IDD_DEFINITION_D_CUR,Definition: Current definition (OECD_IDD),OECD_IDD_STATISTICAL_OPERATION_MEAN,Statistical operation: Arithmetic mean (OECD_IDD),OECD_IDD,Income Distribution Database,0,Units,A,Normal value,PU,Public,,,,,,,,,,,,,,,,,,,,,,,,,,,,,26850.0,25126.0,25259.0,27541.0,31915.0,34416.0,33585.0,29746.0,30793.0,30550.0,31624.0,32147.0,34753.0,38831.0,40096.0,48281.0,47682.0,50377.0,,
A,Annual,CZE,Czechia,OECD_IDD_EAR_METH2012,Total earnings (employee income) (Income definition since 2012),_T,All age ranges or no breakdown by age,XDC_HH_EQ,Domestic currency per equivalized household,OECD_IDD_DEFINITION_D_CUR,Definition: Current definition (OECD_IDD),OECD_IDD_STATISTICAL_OPERATION_MEAN,Statistical operation: Arithmetic mean (OECD_IDD),OECD_IDD,Income Distribution Database,0,Units,A,Normal value,PU,Public,,,,,,,,,,,,,,,,,,,,,,,,,,,,,130939.0,138885.0,150773.0,165416.0,177317.0,177070.0,179541.0,181198.0,182487.0,187183.0,196213.0,205890.0,219584.0,238242.0,257568.0,278260.0,275756.0,297784.0,,
A,Annual,DEU,Germany,OECD_IDD_EAR_METH2012,Total earnings (employee income) (Income definition since 2012),Y18T65,18 to 65 years old,XDC_HH_EQ,Domestic currency per equivalized household,OECD_IDD_DEFINITION_D_CUR,Definition: Current definition (OECD_IDD),OECD_IDD_STATISTICAL_OPERATION_MEAN,Statistical operation: Arithmetic mean (OECD_IDD),OECD_IDD,Income Distribution Database,0,Units,A,Normal value,PU,Public,,,,,,,,,,,,,,,,,,,,,,,,,,,,,,,,,25494.0,,,27275.0,28362.0,28666.0,29315.0,30187.0,30911.0,32224.0,33573.0,35559.0,37344.0,,,
A,Annual,DEU,Germany,OECD_IDD_EAR_METH2012,Total earnings (employee income) (Income definition since 2012),Y_GT65,Over 65 years,XDC_HH_EQ,Domestic currency per equivalized household,OECD_IDD_DEFINITION_D_CUR,Definition: Current definition (OECD_IDD),OECD_IDD_STATISTICAL_OPERATION_MEAN,Statistical operation: Arithmetic mean (OECD_IDD),OECD_IDD,Income Distribution Database,0,Units,A,Normal value,PU,Public,,,,,,,,,,,,,,,,,,,,,,,,,,,,,,,,,2262.0,,,2174.0,2375.0,2526.0,2759.0,2867.0,2835.0,3257.0,3564.0,3935.0,5463.0,,,
A,Annual,DEU,Germany,OECD_IDD_EAR_METH2012,Total earnings (employee income) (Income definition since 2012),_T,All age ranges or no breakdown by age,XDC_HH_EQ,Domestic currency per equivalized household,OECD_IDD_DEFINITION_D_CUR,Definition: Current definition (OECD_IDD),OECD_IDD_STATISTICAL_OPERATION_MEAN,Statistical operation: Arithmetic mean (OECD_IDD),OECD_IDD,Income Distribution Database,0,Units,A,Normal value,PU,Public,,,,,,,,,,,,,,,,,,,,,,,,,,,,,,,,,19774.0,,,21106.0,21895.0,21985.0,22534.0,23320.0,23862.0,24962.0,26068.0,27674.0,29409.0,,,
A,Annual,DNK,Denmark,OECD_IDD_EAR_METH2012,Total earnings (employee income) (Income definition since 2012),Y18T65,18 to 65 years old,XDC_HH_EQ,Domestic currency per equivalized household,OECD_IDD_DEFINITION_D_CUR,Definition: Current definition (OECD_IDD),OECD_IDD_STATISTICAL_OPERATION_MEAN,Statistical operation: Arithmetic mean (OECD_IDD),OECD_IDD,Income Distribution Database,0,Units,A,Normal value,PU,Public,,,,,,,,,,,,,,,,,,,,,,,,,,,,,,,,,,,,325930.0,330215.0,337812.0,346097.0,354604.0,365299.0,375809.0,390120.0,400912.0,,,,
A,Annual,DNK,Denmark,OECD_IDD_EAR_METH2012,Total earnings (employee income) (Income definition since 2012),Y_GT65,Over 65 years,XDC_HH_EQ,Domestic currency per equivalized household,OECD_IDD_DEFINITION_D_CUR,Definition: Current definition (OECD_IDD),OECD_IDD_STATISTICAL_OPERATION_MEAN,Statistical operation: Arithmetic mean (OECD_IDD),OECD_IDD,Income Distribution Database,0,Units,A,Normal value,PU,Public,,,,,,,,,,,,,,,,,,,,,,,,,,,,,,,,,,,,32757.0,35035.0,37122.0,38847.0,40444.0,41921.0,43648.0,45032.0,47806.0,,,,
A,Annual,DNK,Denmark,OECD_IDD_EAR_METH2012,Total earnings (employee income) (Income definition since 2012),_T,All age ranges or no breakdown by age,XDC_HH_EQ,Domestic currency per equivalized household,OECD_IDD_DEFINITION_D_CUR,Definition: Current definition (OECD_IDD),OECD_IDD_STATISTICAL_OPERATION_MEAN,Statistical operation: Arithmetic mean (OECD_IDD),OECD_IDD,Income Distribution Database,0,Units,A,Normal value,PU,Public,,,,,,,,,,,,,,,,,,,,,,,,,,,,,,,,,,,,279422.0,281833.0,286663.0,292389.0,298442.0,305977.0,313693.0,324353.0,332457.0,,,,
A,Annual,ESP,Spain,OECD_IDD_EAR_METH2012,Total earnings (employee income) (Income definition since 2012),Y18T65,18 to 65 years old,XDC_HH_EQ,Domestic currency per equivalized household,OECD_IDD_DEFINITION_D_CUR,Definition: Current definition (OECD_IDD),OECD_IDD_STATISTICAL_OPERATION_MEAN,Statistical operation: Arithmetic mean (OECD_IDD),OECD_IDD,Income Distribution Database,0,Units,A,Normal value,PU,Public,,,,,,,,,,,,,,,,,,,,,,,,,,,,,,,,15915.0,18137.0,17620.0,16787.0,16233.0,15185.0,14817.0,15149.0,15610.0,16462.0,17320.0,17783.0,19249.0,18629.0,20482.0,,
A,Annual,ESP,Spain,OECD_IDD_EAR_METH2012,Total earnings (employee income) (Income definition since 2012),Y18T65,18 to 65 years old,XDC_HH_EQ,Domestic currency per equivalized household,OECD_IDD_DEFINITION_D_INC,Definition: Previous definition - without overlap year (OECD_IDD),OECD_IDD_STATISTICAL_OPERATION_MEAN,Statistical operation: Arithmetic mean (OECD_IDD),OECD_IDD,Income Distribution Database,0,Units,A,Normal value,PU,Public,,,,,,,,,,,,,,,,,,,,,,,,,,,,,10784.0,13607.0,15040.0,,,,,,,,,,,,,,,,,
A,Annual,ESP,Spain,OECD_IDD_EAR_METH2012,Total earnings (employee income) (Income definition since 2012),Y_GT65,Over 65 years,XDC_HH_EQ,Domestic currency per equivalized household,OECD_IDD_DEFINITION_D_CUR,Definition: Current definition (OECD_IDD),OECD_IDD_STATISTICAL_OPERATION_MEAN,Statistical operation: Arithmetic mean (OECD_IDD),OECD_IDD,Income Distribution Database,0,Units,A,Normal value,PU,Public,,,,,,,,,,,,,,,,,,,,,,,,,,,,,,,,3316.0,3833.0,3731.0,3386.0,3391.0,3009.0,2828.0,2800.0,2918.0,3124.0,3122.0,3383.0,3894.0,3866.0,3960.0,,
A,Annual,ESP,Spain,OECD_IDD_EAR_METH2012,Total earnings (employee income) (Income definition since 2012),Y_GT65,Over 65 years,XDC_HH_EQ,Domestic currency per equivalized household,OECD_IDD_DEFINITION_D_INC,Definition: Previous definition - without overlap year (OECD_IDD),OECD_IDD_STATISTICAL_OPERATION_MEAN,Statistical operation: Arithmetic mean (OECD_IDD),OECD_IDD,Income Distribution Database,0,Units,A,Normal value,PU,Public,,,,,,,,,,,,,,,,,,,,,,,,,,,,,2314.0,2613.0,3092.0,,,,,,,,,,,,,,,,,
A,Annual,ESP,Spain,OECD_IDD_EAR_METH2012,Total earnings (employee income) (Income definition since 2012),_T,All age ranges or no breakdown by age,XDC_HH_EQ,Domestic currency per equivalized household,OECD_IDD_DEFINITION_D_CUR,Definition: Current definition (OECD_IDD),OECD_IDD_STATISTICAL_OPERATION_MEAN,Statistical operation: Arithmetic mean (OECD_IDD),OECD_IDD,Income Distribution Database,0,Units,A,Normal value,PU,Public,,,,,,,,,,,,,,,,,,,,,,,,,,,,,,,,13676.0,15624.0,15098.0,14428.0,14044.0,13007.0,12732.0,12981.0,13365.0,14043.0,14752.0,15089.0,16266.0,15790.0,17145.0,,
A,Annual,ESP,Spain,OECD_IDD_EAR_METH2012,Total earnings (employee income) (Income definition since 2012),_T,All age ranges or no breakdown by age,XDC_HH_EQ,Domestic currency per equivalized household,OECD_IDD_DEFINITION_D_INC,Definition: Previous definition - without overlap year (OECD_IDD),OECD_IDD_STATISTICAL_OPERATION_MEAN,Statistical operation: Arithmetic mean (OECD_IDD),OECD_IDD,Income Distribution Database,0,Units,A,Normal value,PU,Public,,,,,,,,,,,,,,,,,,,,,,,,,,,,,9253.0,11759.0,12997.0,,,,,,,,,,,,,,,,,
A,Annual,EST,Estonia,OECD_IDD_EAR_METH2012,Total earnings (employee income) (Income definition since 2012),Y18T65,18 to 65 years old,XDC_HH_EQ,Domestic currency per equivalized household,OECD_IDD_DEFINITION_D_CUR,Definition: Current definition (OECD_IDD),OECD_IDD_STATISTICAL_OPERATION_MEAN,Statistical operation: Arithmetic mean (OECD_IDD),OECD_IDD,Income Distribution Database,0,Units,A,Normal value,PU,Public,,,,,,,,,,,,,,,,,,,,,,,,,,,,,,,,,,,,,,10669.0,11738.0,12215.0,12716.0,14177.0,14319.0,16032.0,17093.0,18169.0,,
A,Annual,EST,Estonia,OECD_IDD_EAR_METH2012,Total earnings (employee income) (Income definition since 2012),Y18T65,18 to 65 years old,XDC_HH_EQ,Domestic currency per equivalized household,OECD_IDD_DEFINITION_D_INC,Definition: Previous definition - without overlap year (OECD_IDD),OECD_IDD_STATISTICAL_OPERATION_MEAN,Statistical operation: Arithmetic mean (OECD_IDD),OECD_IDD,Income Distribution Database,0,Units,A,Normal value,PU,Public,,,,,,,,,,,,,,,,,,,,,,,,,,,,,4517.0,5482.0,6819.0,8196.0,8977.0,7862.0,7632.0,8446.0,9412.0,,,,,,,,,,,
A,Annual,EST,Estonia,OECD_IDD_EAR_METH2012,Total earnings (employee income) (Income definition since 2012),Y_GT65,Over 65 years,XDC_HH_EQ,Domestic currency per equivalized household,OECD_IDD_DEFINITION_D_CUR,Definition: Current definition (OECD_IDD),OECD_IDD_STATISTICAL_OPERATION_MEAN,Statistical operation: Arithmetic mean (OECD_IDD),OECD_IDD,Income Distribution Database,0,Units,A,Normal value,PU,Public,,,,,,,,,,,,,,,,,,,,,,,,,,,,,,,,,,,,,,1874.0,2354.0,2524.0,2753.0,3256.0,3473.0,3846.0,3895.0,3570.0,,
A,Annual,EST,Estonia,OECD_IDD_EAR_METH2012,Total earnings (employee income) (Income definition since 2012),Y_GT65,Over 65 years,XDC_HH_EQ,Domestic currency per equivalized household,OECD_IDD_DEFINITION_D_INC,Definition: Previous definition - without overlap year (OECD_IDD),OECD_IDD_STATISTICAL_OPERATION_MEAN,Statistical operation: Arithmetic mean (OECD_IDD),OECD_IDD,Income Distribution Database,0,Units,A,Normal value,PU,Public,,,,,,,,,,,,,,,,,,,,,,,,,,,,,992.0,1174.0,1299.0,1591.0,1818.0,1634.0,1498.0,1653.0,1742.0,,,,,,,,,,,
A,Annual,EST,Estonia,OECD_IDD_EAR_METH2012,Total earnings (employee income) (Income definition since 2012),_T,All age ranges or no breakdown by age,XDC_HH_EQ,Domestic currency per equivalized household,OECD_IDD_DEFINITION_D_CUR,Definition: Current definition (OECD_IDD),OECD_IDD_STATISTICAL_OPERATION_MEAN,Statistical operation: Arithmetic mean (OECD_IDD),OECD_IDD,Income Distribution Database,0,Units,A,Normal value,PU,Public,,,,,,,,,,,,,,,,,,,,,,,,,,,,,,,,,,,,,,9137.0,9969.0,10381.0,10754.0,12027.0,12199.0,13613.0,14451.0,15212.0,,
A,Annual,EST,Estonia,OECD_IDD_EAR_METH2012,Total earnings (employee income) (Income definition since 2012),_T,All age ranges or no breakdown by age,XDC_HH_EQ,Domestic currency per equivalized household,OECD_IDD_DEFINITION_D_INC,Definition: Previous definition - without overlap year (OECD_IDD),OECD_IDD_STATISTICAL_OPERATION_MEAN,Statistical operation: Arithmetic mean (OECD_IDD),OECD_IDD,Income Distribution Database,0,Units,A,Normal value,PU,Public,,,,,,,,,,,,,,,,,,,,,,,,,,,,,3906.0,4687.0,5823.0,6994.0,7641.0,6751.0,6617.0,7332.0,8140.0,,,,,,,,,,,
A,Annual,FIN,Finland,OECD_IDD_EAR_METH2012,Total earnings (employee income) (Income definition since 2012),Y18T65,18 to 65 years old,XDC_HH_EQ,Domestic currency per equivalized household,OECD_IDD_DEFINITION_D_CUR,Definition: Current definition (OECD_IDD),OECD_IDD_STATISTICAL_OPERATION_MEAN,Statistical operation: Arithmetic mean (OECD_IDD),OECD_IDD,Income Distribution Database,0,Units,A,Normal value,PU,Public,,,,,,,,,,,,11454.0,12461.0,13877.0,15198.0,14853.0,13958.0,12962.0,13017.0,13693.0,14437.0,15163.0,16265.0,17172.0,18245.0,19468.0,20112.0,20478.0,21392.0,22331.0,23503.0,24902.0,26296.0,25662.0,26226.0,27550.0,28765.0,29111.0,29435.0,29683.0,29887.0,30973.0,32001.0,33147.0,33005.0,34663.0,36697.0,
A,Annual,FIN,Finland,OECD_IDD_EAR_METH2012,Total earnings (employee income) (Income definition since 2012),Y_GT65,Over 65 years,XDC_HH_EQ,Domestic currency per equivalized household,OECD_IDD_DEFINITION_D_CUR,Definition: Current definition (OECD_IDD),OECD_IDD_STATISTICAL_OPERATION_MEAN,Statistical operation: Arithmetic mean (OECD_IDD),OECD_IDD,Income Distribution Database,0,Units,A,Normal value,PU,Public,,,,,,,,,,,,1166.0,1183.0,1261.0,1151.0,1001.0,994.0,908.0,953.0,960.0,969.0,915.0,1053.0,1103.0,1212.0,1048.0,1042.0,1110.0,1275.0,1396.0,1377.0,1544.0,1585.0,1588.0,1865.0,1824.0,1785.0,1973.0,2007.0,2331.0,2295.0,2202.0,2023.0,2241.0,2410.0,2325.0,2542.0,
A,Annual,FIN,Finland,OECD_IDD_EAR_METH2012,Total earnings (employee income) (Income definition since 2012),_T,All age ranges or no breakdown by age,XDC_HH_EQ,Domestic currency per equivalized household,OECD_IDD_DEFINITION_D_CUR,Definition: Current definition (OECD_IDD),OECD_IDD_STATISTICAL_OPERATION_MEAN,Statistical operation: Arithmetic mean (OECD_IDD),OECD_IDD,Income Distribution Database,0,Units,A,Normal value,PU,Public,,,,,,,,,,,,10216.0,11069.0,12166.0,13251.0,13064.0,12210.0,11262.0,11322.0,11957.0,12556.0,13100.0,13976.0,14782.0,15573.0,16569.0,17107.0,17349.0,18189.0,19050.0,19934.0,20832.0,22059.0,21710.0,22125.0,23084.0,23907.0,24092.0,24228.0,24272.0,24325.0,24925.0,25824.0,26561.0,26323.0,27510.0,28908.0,
A,Annual,FRA,France,OECD_IDD_EAR_METH2012,Total earnings (employee income) (Income definition since 2012),Y18T65,18 to 65 years old,XDC_HH_EQ,Domestic currency per equivalized household,OECD_IDD_DEFINITION_D_CUR,Definition: Current definition (OECD_IDD),OECD_IDD_STATISTICAL_OPERATION_MEAN,Statistical operation: Arithmetic mean (OECD_IDD),OECD_IDD,Income Distribution Database,0,Units,A,Normal value,PU,Public,,,,,,,,,,,,,,,,,,,,,,,,,,,,,,,,,,,,,,,,,,,,,24240.0,25340.0,,
A,Annual,FRA,France,OECD_IDD_EAR_METH2012,Total earnings (employee income) (Income definition since 2012),Y18T65,18 to 65 years old,XDC_HH_EQ,Domestic currency per equivalized household,OECD_IDD_DEFINITION_D_PREV,Definition: Previous definition - with overlap year (OECD_IDD),OECD_IDD_STATISTICAL_OPERATION_MEAN,Statistical operation: Arithmetic mean (OECD_IDD),OECD_IDD,Income Distribution Database,0,Units,A,Normal value,PU,Public,,,,,,,,,,,,,,,,,,,,,,,,,,,,,,,,,,,,19814.0,20240.0,20520.0,20840.0,21040.0,21460.0,22000.0,23060.0,23790.0,23980.0,,,
A,Annual,FRA,France,OECD_IDD_EAR_METH2012,Total earnings (employee income) (Income definition since 2012),Y_GT65,Over 65 years,XDC_HH_EQ,Domestic currency per equivalized household,OECD_IDD_DEFINITION_D_CUR,Definition: Current definition (OECD_IDD),OECD_IDD_STATISTICAL_OPERATION_MEAN,Statistical operation: Arithmetic mean (OECD_IDD),OECD_IDD,Income Distribution Database,0,Units,A,Normal value,PU,Public,,,,,,,,,,,,,,,,,,,,,,,,,,,,,,,,,,,,,,,,,,,,,1700.0,1810.0,,
A,Annual,FRA,France,OECD_IDD_EAR_METH2012,Total earnings (employee income) (Income definition since 2012),Y_GT65,Over 65 years,XDC_HH_EQ,Domestic currency per equivalized household,OECD_IDD_DEFINITION_D_PREV,Definition: Previous definition - with overlap year (OECD_IDD),OECD_IDD_STATISTICAL_OPERATION_MEAN,Statistical operation: Arithmetic mean (OECD_IDD),OECD_IDD,Income Distribution Database,0,Units,A,Normal value,PU,Public,,,,,,,,,,,,,,,,,,,,,,,,,,,,,,,,,,,,1281.0,1310.0,1280.0,1370.0,1360.0,1420.0,1440.0,1670.0,1730.0,1710.0,,,
A,Annual,FRA,France,OECD_IDD_EAR_METH2012,Total earnings (employee income) (Income definition since 2012),_T,All age ranges or no breakdown by age,XDC_HH_EQ,Domestic currency per equivalized household,OECD_IDD_DEFINITION_D_CUR,Definition: Current definition (OECD_IDD),OECD_IDD_STATISTICAL_OPERATION_MEAN,Statistical operation: Arithmetic mean (OECD_IDD),OECD_IDD,Income Distribution Database,0,Units,A,Normal value,PU,Public,,,,,,,,,,,,,,,,,,,,,,,,,,,,,,,,,,,,,,,,,,,,,19270.0,20110.0,,
A,Annual,FRA,France,OECD_IDD_EAR_METH2012,Total earnings (employee income) (Income definition since 2012),_T,All age ranges or no breakdown by age,XDC_HH_EQ,Domestic currency per equivalized household,OECD_IDD_DEFINITION_D_PREV,Definition: Previous definition - with overlap year (OECD_IDD),OECD_IDD_STATISTICAL_OPERATION_MEAN,Statistical operation: Arithmetic mean (OECD_IDD),OECD_IDD,Income Distribution Database,0,Units,A,Normal value,PU,Public,,,,,,,,,,,,,,,,,,,,,,,,,,,,,,,,,,,,16653.0,16850.0,16990.0,17140.0,17220.0,17500.0,17830.0,18650.0,19080.0,19230.0,,,
A,Annual,GBR,United Kingdom,OECD_IDD_EAR_METH2012,Total earnings (employee income) (Income definition since 2012),Y18T65,18 to 65 years old,XDC_HH_EQ,Domestic currency per equivalized household,OECD_IDD_DEFINITION_D_CUR,Definition: Current definition (OECD_IDD),OECD_IDD_STATISTICAL_OPERATION_MEAN,Statistical operation: Arithmetic mean (OECD_IDD),OECD_IDD,Income Distribution Database,0,Units,A,Normal value,PU,Public,,,,,,,,,,,,,,,,,,,,,,,,,,,16600.0,16832.0,17779.0,18409.0,19273.0,20239.0,20851.0,20695.0,20302.0,21225.0,21316.0,22256.0,23093.0,23537.0,23656.0,24749.0,26014.0,27555.0,27250.0,28887.0,,
A,Annual,GBR,United Kingdom,OECD_IDD_EAR_METH2012,Total earnings (employee income) (Income definition since 2012),Y_GT65,Over 65 years,XDC_HH_EQ,Domestic currency per equivalized household,OECD_IDD_DEFINITION_D_CUR,Definition: Current definition (OECD_IDD),OECD_IDD_STATISTICAL_OPERATION_MEAN,Statistical operation: Arithmetic mean (OECD_IDD),OECD_IDD,Income Distribution Database,0,Units,A,Normal value,PU,Public,,,,,,,,,,,,,,,,,,,,,,,,,,,1425.0,1465.0,1472.0,1542.0,1570.0,1700.0,1874.0,1868.0,1830.0,2146.0,2256.0,2201.0,2657.0,2567.0,2851.0,3086.0,2770.0,2978.0,2878.0,3244.0,,
A,Annual,GBR,United Kingdom,OECD_IDD_EAR_METH2012,Total earnings (employee income) (Income definition since 2012),_T,All age ranges or no breakdown by age,XDC_HH_EQ,Domestic currency per equivalized household,OECD_IDD_DEFINITION_D_CUR,Definition: Current definition (OECD_IDD),OECD_IDD_STATISTICAL_OPERATION_MEAN,Statistical operation: Arithmetic mean (OECD_IDD),OECD_IDD,Income Distribution Database,0,Units,A,Normal value,PU,Public,,,,,,,,,,,,,,,,,,,,,,,,,,,13551.0,13705.0,14380.0,14918.0,15720.0,16519.0,17106.0,17040.0,16622.0,17603.0,17592.0,18209.0,18784.0,19138.0,19259.0,20051.0,21137.0,22444.0,22117.0,23044.0,,
A,Annual,GRC,Greece,OECD_IDD_EAR_METH2012,Total earnings (employee income) (Income definition since 2012),Y18T65,18 to 65 years old,XDC_HH_EQ,Domestic currency per equivalized household,OECD_IDD_DEFINITION_D_CUR,Definition: Current definition (OECD_IDD),OECD_IDD_STATISTICAL_OPERATION_MEAN,Statistical operation: Arithmetic mean (OECD_IDD),OECD_IDD,Income Distribution Database,0,Units,A,Normal value,PU,Public,,,,,,,,,,,,,,,,,,,,,,,,,,,,,7202.0,7397.0,10613.0,11430.0,11910.0,11964.0,10168.0,8480.0,7658.0,7700.0,6872.0,7873.0,7958.0,8299.0,8535.0,9179.0,9513.0,9743.0,,
A,Annual,GRC,Greece,OECD_IDD_EAR_METH2012,Total earnings (employee income) (Income definition since 2012),Y_GT65,Over 65 years,XDC_HH_EQ,Domestic currency per equivalized household,OECD_IDD_DEFINITION_D_CUR,Definition: Current definition (OECD_IDD),OECD_IDD_STATISTICAL_OPERATION_MEAN,Statistical operation: Arithmetic mean (OECD_IDD),OECD_IDD,Income Distribution Database,0,Units,A,Normal value,PU,Public,,,,,,,,,,,,,,,,,,,,,,,,,,,,,1101.0,1280.0,2280.0,2230.0,2203.0,2364.0,1927.0,1442.0,1228.0,1112.0,1127.0,1289.0,1343.0,1406.0,1523.0,1768.0,1948.0,2113.0,,
A,Annual,GRC,Greece,OECD_IDD_EAR_METH2012,Total earnings (employee income) (Income definition since 2012),_T,All age ranges or no breakdown by age,XDC_HH_EQ,Domestic currency per equivalized household,OECD_IDD_DEFINITION_D_CUR,Definition: Current definition (OECD_IDD),OECD_IDD_STATISTICAL_OPERATION_MEAN,Statistical operation: Arithmetic mean (OECD_IDD),OECD_IDD,Income Distribution Database,0,Units,A,Normal value,PU,Public,,,,,,,,,,,,,,,,,,,,,,,,,,,,,6259.0,6396.0,9209.0,9853.0,10204.0,10302.0,8862.0,7472.0,6543.0,6583.0,5902.0,6709.0,6754.0,6979.0,7163.0,7705.0,8002.0,8188.0,,
A,Annual,HRV,Croatia,OECD_IDD_EAR_METH2012,Total earnings (employee income) (Income definition since 2012),Y18T65,18 to 65 years old,XDC_HH_EQ,Domestic currency per equivalized household,OECD_IDD_DEFINITION_D_CUR,Definition: Current definition (OECD_IDD),OECD_IDD_STATISTICAL_OPERATION_MEAN,Statistical operation: Arithmetic mean (OECD_IDD),OECD_IDD,Income Distribution Database,0,Units,A,Normal value,PU,Public,,,,,,,,,,,,,,,,,,,,,,,,,,,,,,,,,,7406.0,7022.0,6649.0,6594.0,6686.0,7179.0,7443.0,8364.0,8921.0,9802.0,10573.0,11023.0,12017.0,,
A,Annual,HRV,Croatia,OECD_IDD_EAR_METH2012,Total earnings (employee income) (Income definition since 2012),Y_GT65,Over 65 years,XDC_HH_EQ,Domestic currency per equivalized household,OECD_IDD_DEFINITION_D_CUR,Definition: Current definition (OECD_IDD),OECD_IDD_STATISTICAL_OPERATION_MEAN,Statistical operation: Arithmetic mean (OECD_IDD),OECD_IDD,Income Distribution Database,0,Units,A,Normal value,PU,Public,,,,,,,,,,,,,,,,,,,,,,,,,,,,,,,,,,1765.0,1660.0,1585.0,1439.0,1446.0,1699.0,1596.0,1810.0,1920.0,2112.0,2515.0,2500.0,2726.0,,
A,Annual,HRV,Croatia,OECD_IDD_EAR_METH2012,Total earnings (employee income) (Income definition since 2012),_T,All age ranges or no breakdown by age,XDC_HH_EQ,Domestic currency per equivalized household,OECD_IDD_DEFINITION_D_CUR,Definition: Current definition (OECD_IDD),OECD_IDD_STATISTICAL_OPERATION_MEAN,Statistical operation: Arithmetic mean (OECD_IDD),OECD_IDD,Income Distribution Database,0,Units,A,Normal value,PU,Public,,,,,,,,,,,,,,,,,,,,,,,,,,,,,,,,,,6376.0,6009.0,5676.0,5610.0,5633.0,6064.0,6268.0,7056.0,7546.0,8308.0,8950.0,9281.0,9940.0,,
A,Annual,HUN,Hungary,OECD_IDD_EAR_METH2012,Total earnings (employee income) (Income definition since 2012),Y18T65,18 to 65 years old,XDC_HH_EQ,Domestic currency per equivalized household,OECD_IDD_DEFINITION_D_CUR,Definition: Current definition (OECD_IDD),OECD_IDD_STATISTICAL_OPERATION_MEAN,Statistical operation: Arithmetic mean (OECD_IDD),OECD_IDD,Income Distribution Database,0,Units,A,Normal value,PU,Public,,,,,,,,,,,,,,,,,,,,,,,,,,,,,,,1201112.0,1252328.0,1341590.0,1326845.0,1344166.0,1410666.0,1464469.0,1613204.0,1679044.0,1798013.0,1933541.0,2167179.0,2405507.0,2679052.0,2765031.0,3571651.0,,
A,Annual,HUN,Hungary,OECD_IDD_EAR_METH2012,Total earnings (employee income) (Income definition since 2012),Y18T65,18 to 65 years old,XDC_HH_EQ,Domestic currency per equivalized household,OECD_IDD_DEFINITION_D_PREV,Definition: Previous definition - with overlap year (OECD_IDD),OECD_IDD_STATISTICAL_OPERATION_MEAN,Statistical operation: Arithmetic mean (OECD_IDD),OECD_IDD,Income Distribution Database,0,Units,A,Normal value,PU,Public,,,,,,,,,,,,,,,,,,,,,,,,,,,,,,,,838552.0,,862391.0,,,1101428.0,,1249477.0,,,,,,,,,
A,Annual,HUN,Hungary,OECD_IDD_EAR_METH2012,Total earnings (employee income) (Income definition since 2012),Y_GT65,Over 65 years,XDC_HH_EQ,Domestic currency per equivalized household,OECD_IDD_DEFINITION_D_CUR,Definition: Current definition (OECD_IDD),OECD_IDD_STATISTICAL_OPERATION_MEAN,Statistical operation: Arithmetic mean (OECD_IDD),OECD_IDD,Income Distribution Database,0,Units,A,Normal value,PU,Public,,,,,,,,,,,,,,,,,,,,,,,,,,,,,,,230217.0,255918.0,277702.0,280248.0,228340.0,224713.0,217343.0,214312.0,273327.0,277609.0,309626.0,413415.0,393946.0,527535.0,491438.0,690738.0,,
A,Annual,HUN,Hungary,OECD_IDD_EAR_METH2012,Total earnings (employee income) (Income definition since 2012),Y_GT65,Over 65 years,XDC_HH_EQ,Domestic currency per equivalized household,OECD_IDD_DEFINITION_D_PREV,Definition: Previous definition - with overlap year (OECD_IDD),OECD_IDD_STATISTICAL_OPERATION_MEAN,Statistical operation: Arithmetic mean (OECD_IDD),OECD_IDD,Income Distribution Database,0,Units,A,Normal value,PU,Public,,,,,,,,,,,,,,,,,,,,,,,,,,,,,,,,111745.0,,134156.0,,,98546.0,,116662.0,,,,,,,,,
A,Annual,HUN,Hungary,OECD_IDD_EAR_METH2012,Total earnings (employee income) (Income definition since 2012),_T,All age ranges or no breakdown by age,XDC_HH_EQ,Domestic currency per equivalized household,OECD_IDD_DEFINITION_D_CUR,Definition: Current definition (OECD_IDD),OECD_IDD_STATISTICAL_OPERATION_MEAN,Statistical operation: Arithmetic mean (OECD_IDD),OECD_IDD,Income Distribution Database,0,Units,A,Normal value,PU,Public,,,,,,,,,,,,,,,,,,,,,,,,,,,,,,,1025147.0,1082022.0,1151965.0,1135426.0,1131017.0,1187067.0,1235289.0,1352307.0,1415638.0,1510489.0,1612434.0,1807663.0,2025628.0,2248516.0,2278062.0,3002481.0,,
A,Annual,HUN,Hungary,OECD_IDD_EAR_METH2012,Total earnings (employee income) (Income definition since 2012),_T,All age ranges or no breakdown by age,XDC_HH_EQ,Domestic currency per equivalized household,OECD_IDD_DEFINITION_D_PREV,Definition: Previous definition - with overlap year (OECD_IDD),OECD_IDD_STATISTICAL_OPERATION_MEAN,Statistical operation: Arithmetic mean (OECD_IDD),OECD_IDD,Income Distribution Database,0,Units,A,Normal value,PU,Public,,,,,,,,,,,,,,,,,,,,,,,,,,,,,,,,703285.0,,706544.0,,,896119.0,,1051187.0,,,,,,,,,
A,Annual,IND,India,OECD_IDD_EAR_METH2012,Total earnings (employee income) (Income definition since 2012),Y18T65,18 to 65 years old,XDC_HH_EQ,Domestic currency per equivalized household,OECD_IDD_DEFINITION_D_CUR,Definition: Current definition (OECD_IDD),OECD_IDD_STATISTICAL_OPERATION_MEAN,Statistical operation: Arithmetic mean (OECD_IDD),OECD_IDD,Income Distribution Database,0,Units,A,Normal value,PU,Public,,,,,,,,,,,,,,,,,,,,,,,,,,,,,12769.0,,,,,,,32266.0,,,,,,,,,,,,
A,Annual,IND,India,OECD_IDD_EAR_METH2012,Total earnings (employee income) (Income definition since 2012),Y_GT65,Over 65 years,XDC_HH_EQ,Domestic currency per equivalized household,OECD_IDD_DEFINITION_D_CUR,Definition: Current definition (OECD_IDD),OECD_IDD_STATISTICAL_OPERATION_MEAN,Statistical operation: Arithmetic mean (OECD_IDD),OECD_IDD,Income Distribution Database,0,Units,A,Normal value,PU,Public,,,,,,,,,,,,,,,,,,,,,,,,,,,,,9423.0,,,,,,,22474.0,,,,,,,,,,,,
A,Annual,IND,India,OECD_IDD_EAR_METH2012,Total earnings (employee income) (Income definition since 2012),_T,All age ranges or no breakdown by age,XDC_HH_EQ,Domestic currency per equivalized household,OECD_IDD_DEFINITION_D_CUR,Definition: Current definition (OECD_IDD),OECD_IDD_STATISTICAL_OPERATION_MEAN,Statistical operation: Arithmetic mean (OECD_IDD),OECD_IDD,Income Distribution Database,0,Units,A,Normal value,PU,Public,,,,,,,,,,,,,,,,,,,,,,,,,,,,,11403.0,,,,,,,28489.0,,,,,,,,,,,,
A,Annual,IRL,Ireland,OECD_IDD_EAR_METH2012,Total earnings (employee income) (Income definition since 2012),Y18T65,18 to 65 years old,XDC_HH_EQ,Domestic currency per equivalized household,OECD_IDD_DEFINITION_D_CUR,Definition: Current definition (OECD_IDD),OECD_IDD_STATISTICAL_OPERATION_MEAN,Statistical operation: Arithmetic mean (OECD_IDD),OECD_IDD,Income Distribution Database,0,Units,A,Normal value,PU,Public,,,,,,,,,,,,,,,,,,,,,,,,,,,,,22301.0,23962.0,25463.0,25948.0,24298.0,22833.0,22426.0,22024.0,23431.0,24161.0,25684.0,27523.0,28674.0,32186.0,32879.0,35560.0,36656.0,40461.0,,
A,Annual,IRL,Ireland,OECD_IDD_EAR_METH2012,Total earnings (employee income) (Income definition since 2012),Y_GT65,Over 65 years,XDC_HH_EQ,Domestic currency per equivalized household,OECD_IDD_DEFINITION_D_CUR,Definition: Current definition (OECD_IDD),OECD_IDD_STATISTICAL_OPERATION_MEAN,Statistical operation: Arithmetic mean (OECD_IDD),OECD_IDD,Income Distribution Database,0,Units,A,Normal value,PU,Public,,,,,,,,,,,,,,,,,,,,,,,,,,,,,2280.0,2336.0,2597.0,3251.0,2336.0,2070.0,2689.0,2332.0,2295.0,1822.0,2564.0,2237.0,2799.0,2773.0,3485.0,5377.0,5579.0,5402.0,,
A,Annual,IRL,Ireland,OECD_IDD_EAR_METH2012,Total earnings (employee income) (Income definition since 2012),_T,All age ranges or no breakdown by age,XDC_HH_EQ,Domestic currency per equivalized household,OECD_IDD_DEFINITION_D_CUR,Definition: Current definition (OECD_IDD),OECD_IDD_STATISTICAL_OPERATION_MEAN,Statistical operation: Arithmetic mean (OECD_IDD),OECD_IDD,Income Distribution Database,0,Units,A,Normal value,PU,Public,,,,,,,,,,,,,,,,,,,,,,,,,,,,,18721.0,20222.0,21575.0,22137.0,20650.0,19293.0,19437.0,19460.0,20381.0,20945.0,22451.0,23733.0,24654.0,27247.0,28150.0,30230.0,31207.0,34351.0,,
A,Annual,ISL,Iceland,OECD_IDD_EAR_METH2012,Total earnings (employee income) (Income definition since 2012),Y18T65,18 to 65 years old,XDC_HH_EQ,Domestic currency per equivalized household,OECD_IDD_DEFINITION_D_CUR,Definition: Current definition (OECD_IDD),OECD_IDD_STATISTICAL_OPERATION_MEAN,Statistical operation: Arithmetic mean (OECD_IDD),OECD_IDD,Income Distribution Database,0,Units,A,Normal value,PU,Public,,,,,,,,,,,,,,,,,,,,,,,,,,,,,3111127.0,3495334.0,3972757.0,4439038.0,4728886.0,4399146.0,4484416.0,4706962.0,5108901.0,5546698.0,5960091.0,6552506.0,7299346.0,7713111.0,,,,,,
A,Annual,ISL,Iceland,OECD_IDD_EAR_METH2012,Total earnings (employee income) (Income definition since 2012),Y_GT65,Over 65 years,XDC_HH_EQ,Domestic currency per equivalized household,OECD_IDD_DEFINITION_D_CUR,Definition: Current definition (OECD_IDD),OECD_IDD_STATISTICAL_OPERATION_MEAN,Statistical operation: Arithmetic mean (OECD_IDD),OECD_IDD,Income Distribution Database,0,Units,A,Normal value,PU,Public,,,,,,,,,,,,,,,,,,,,,,,,,,,,,572833.0,715900.0,677597.0,811335.0,928373.0,1016469.0,1019809.0,1045486.0,1210032.0,1387832.0,1468525.0,1669768.0,2269220.0,2345223.0,,,,,,
A,Annual,ISL,Iceland,OECD_IDD_EAR_METH2012,Total earnings (employee income) (Income definition since 2012),_T,All age ranges or no breakdown by age,XDC_HH_EQ,Domestic currency per equivalized household,OECD_IDD_DEFINITION_D_CUR,Definition: Current definition (OECD_IDD),OECD_IDD_STATISTICAL_OPERATION_MEAN,Statistical operation: Arithmetic mean (OECD_IDD),OECD_IDD,Income Distribution Database,0,Units,A,Normal value,PU,Public,,,,,,,,,,,,,,,,,,,,,,,,,,,,,2744003.0,3071929.0,3494653.0,3919681.0,4240636.0,3884224.0,3959087.0,4131277.0,4472294.0,4852312.0,5230882.0,5715999.0,6473053.0,6810238.0,,,,,,
A,Annual,ISR,Israel,OECD_IDD_EAR_METH2012,Total earnings (employee income) (Income definition since 2012),Y18T65,18 to 65 years old,XDC_HH_EQ,Domestic currency per equivalized household,OECD_IDD_DEFINITION_D_CUR,Definition: Current definition (OECD_IDD),OECD_IDD_STATISTICAL_OPERATION_MEAN,Statistical operation: Arithmetic mean (OECD_IDD),OECD_IDD,Income Distribution Database,0,Units,A,Normal value,PU,Public,,,,,,,,,,,,,,,,,,,,,,,,,,,,,,,,,,,,82762.0,89488.0,97393.0,101966.0,104960.0,106773.0,110531.0,117282.0,108524.0,99106.0,103703.0,,
A,Annual,ISR,Israel,OECD_IDD_EAR_METH2012,Total earnings (employee income) (Income definition since 2012),Y_GT65,Over 65 years,XDC_HH_EQ,Domestic currency per equivalized household,OECD_IDD_DEFINITION_D_CUR,Definition: Current definition (OECD_IDD),OECD_IDD_STATISTICAL_OPERATION_MEAN,Statistical operation: Arithmetic mean (OECD_IDD),OECD_IDD,Income Distribution Database,0,Units,A,Normal value,PU,Public,,,,,,,,,,,,,,,,,,,,,,,,,,,,,,,,,,,,21556.0,26559.0,27936.0,25708.0,28748.0,29812.0,31145.0,37538.0,30757.0,27517.0,26060.0,,
A,Annual,ISR,Israel,OECD_IDD_EAR_METH2012,Total earnings (employee income) (Income definition since 2012),_T,All age ranges or no breakdown by age,XDC_HH_EQ,Domestic currency per equivalized household,OECD_IDD_DEFINITION_D_CUR,Definition: Current definition (OECD_IDD),OECD_IDD_STATISTICAL_OPERATION_MEAN,Statistical operation: Arithmetic mean (OECD_IDD),OECD_IDD,Income Distribution Database,0,Units,A,Normal value,PU,Public,,,,,,,,,,,,,,,,,,,,,,,,,,,,,,,,,,,,71362.0,78302.0,85251.0,88372.0,91583.0,91829.0,95944.0,101305.0,93452.0,86695.0,90189.0,,
A,Annual,ITA,Italy,OECD_IDD_EAR_METH2012,Total earnings (employee income) (Income definition since 2012),Y18T65,18 to 65 years old,XDC_HH_EQ,Domestic currency per equivalized household,OECD_IDD_DEFINITION_D_CUR,Definition: Current definition (OECD_IDD),OECD_IDD_STATISTICAL_OPERATION_MEAN,Statistical operation: Arithmetic mean (OECD_IDD),OECD_IDD,Income Distribution Database,0,Units,A,Normal value,PU,Public,,,,,,,,,,,,,,,,,,,,,,,,,,,,,10933.0,11100.0,15415.0,15829.0,16157.0,16113.0,16196.0,16247.0,16352.0,16256.0,16635.0,16831.0,17206.0,17430.0,17812.0,18525.0,17701.0,19231.0,,
A,Annual,ITA,Italy,OECD_IDD_EAR_METH2012,Total earnings (employee income) (Income definition since 2012),Y_GT65,Over 65 years,XDC_HH_EQ,Domestic currency per equivalized household,OECD_IDD_DEFINITION_D_CUR,Definition: Current definition (OECD_IDD),OECD_IDD_STATISTICAL_OPERATION_MEAN,Statistical operation: Arithmetic mean (OECD_IDD),OECD_IDD,Income Distribution Database,0,Units,A,Normal value,PU,Public,,,,,,,,,,,,,,,,,,,,,,,,,,,,,1934.0,2142.0,2928.0,2848.0,2737.0,2781.0,2631.0,2568.0,2627.0,2497.0,2499.0,2549.0,2668.0,2847.0,3104.0,3509.0,3190.0,3392.0,,
A,Annual,ITA,Italy,OECD_IDD_EAR_METH2012,Total earnings (employee income) (Income definition since 2012),_T,All age ranges or no breakdown by age,XDC_HH_EQ,Domestic currency per equivalized household,OECD_IDD_DEFINITION_D_CUR,Definition: Current definition (OECD_IDD),OECD_IDD_STATISTICAL_OPERATION_MEAN,Statistical operation: Arithmetic mean (OECD_IDD),OECD_IDD,Income Distribution Database,0,Units,A,Normal value,PU,Public,,,,,,,,,,,,,,,,,,,,,,,,,,,,,9181.0,9343.0,12901.0,13161.0,13409.0,13333.0,13419.0,13391.0,13437.0,13315.0,13527.0,13672.0,13909.0,14060.0,14399.0,15053.0,14271.0,15488.0,,
A,Annual,JPN,Japan,OECD_IDD_EAR_METH2012,Total earnings (employee income) (Income definition since 2012),Y18T65,18 to 65 years old,XDC_HH_EQ,Domestic currency per equivalized household,OECD_IDD_DEFINITION_D_CUR,Definition: Current definition (OECD_IDD),OECD_IDD_STATISTICAL_OPERATION_MEAN,Statistical operation: Arithmetic mean (OECD_IDD),OECD_IDD,Income Distribution Database,0,Units,A,Normal value,PU,Public,,,,,,,,,,,,,,,,,,,,,,,,,,,,,,,,,,,,,,,,,,,3461000.0,,,3710000.0,,
A,Annual,JPN,Japan,OECD_IDD_EAR_METH2012,Total earnings (employee income) (Income definition since 2012),Y_GT65,Over 65 years,XDC_HH_EQ,Domestic currency per equivalized household,OECD_IDD_DEFINITION_D_CUR,Definition: Current definition (OECD_IDD),OECD_IDD_STATISTICAL_OPERATION_MEAN,Statistical operation: Arithmetic mean (OECD_IDD),OECD_IDD,Income Distribution Database,0,Units,A,Normal value,PU,Public,,,,,,,,,,,,,,,,,,,,,,,,,,,,,,,,,,,,,,,,,,,1040000.0,,,1070000.0,,
A,Annual,JPN,Japan,OECD_IDD_EAR_METH2012,Total earnings (employee income) (Income definition since 2012),_T,All age ranges or no breakdown by age,XDC_HH_EQ,Domestic currency per equivalized household,OECD_IDD_DEFINITION_D_CUR,Definition: Current definition (OECD_IDD),OECD_IDD_STATISTICAL_OPERATION_MEAN,Statistical operation: Arithmetic mean (OECD_IDD),OECD_IDD,Income Distribution Database,0,Units,A,Normal value,PU,Public,,,,,,,,,,,,,,,,,,,,,,,,,,,,,,,,,,,,,,,,,,,2549000.0,,,2660000.0,,
A,Annual,KOR,"Korea, Rep.",OECD_IDD_EAR_METH2012,Total earnings (employee income) (Income definition since 2012),Y18T65,18 to 65 years old,XDC_HH_EQ,Domestic currency per equivalized household,OECD_IDD_DEFINITION_D_CUR,Definition: Current definition (OECD_IDD),OECD_IDD_STATISTICAL_OPERATION_MEAN,Statistical operation: Arithmetic mean (OECD_IDD),OECD_IDD,Income Distribution Database,0,Units,A,Normal value,PU,Public,,,,,,,,,,,,,,,,,,,,,,,,,,,,,,,,,,,,19900000.0,21500000.0,22790000.0,23080000.0,23940000.0,25120000.0,26520000.0,28320000.0,29080000.0,29670000.0,32110000.0,34880000.0,
A,Annual,KOR,"Korea, Rep.",OECD_IDD_EAR_METH2012,Total earnings (employee income) (Income definition since 2012),Y18T65,18 to 65 years old,XDC_HH_EQ,Domestic currency per equivalized household,OECD_IDD_DEFINITION_D_PREV,Definition: Previous definition - with overlap year (OECD_IDD),OECD_IDD_STATISTICAL_OPERATION_MEAN,Statistical operation: Arithmetic mean (OECD_IDD),OECD_IDD,Income Distribution Database,0,Units,A,Normal value,PU,Public,,,,,,,,,,,,,,,,,,,,,,,,,,,,,,,,,,,,,18833872.0,19454457.0,23080000.0,23940000.0,,,,,,,,
A,Annual,KOR,"Korea, Rep.",OECD_IDD_EAR_METH2012,Total earnings (employee income) (Income definition since 2012),Y_GT65,Over 65 years,XDC_HH_EQ,Domestic currency per equivalized household,OECD_IDD_DEFINITION_D_CUR,Definition: Current definition (OECD_IDD),OECD_IDD_STATISTICAL_OPERATION_MEAN,Statistical operation: Arithmetic mean (OECD_IDD),OECD_IDD,Income Distribution Database,0,Units,A,Normal value,PU,Public,,,,,,,,,,,,,,,,,,,,,,,,,,,,,,,,,,,,6000000.0,6880000.0,7500000.0,7680000.0,7710000.0,7920000.0,8090000.0,8510000.0,8380000.0,8790000.0,9160000.0,10180000.0,
A,Annual,KOR,"Korea, Rep.",OECD_IDD_EAR_METH2012,Total earnings (employee income) (Income definition since 2012),_T,All age ranges or no breakdown by age,XDC_HH_EQ,Domestic currency per equivalized household,OECD_IDD_DEFINITION_D_CUR,Definition: Current definition (OECD_IDD),OECD_IDD_STATISTICAL_OPERATION_MEAN,Statistical operation: Arithmetic mean (OECD_IDD),OECD_IDD,Income Distribution Database,0,Units,A,Normal value,PU,Public,,,,,,,,,,,,,,,,,,,,,,,,,,,,,,,,,,,,18180000.0,19660000.0,20790000.0,20930000.0,21720000.0,22670000.0,23850000.0,25220000.0,25720000.0,26240000.0,28490000.0,30800000.0,
A,Annual,KOR,"Korea, Rep.",OECD_IDD_EAR_METH2012,Total earnings (employee income) (Income definition since 2012),_T,All age ranges or no breakdown by age,XDC_HH_EQ,Domestic currency per equivalized household,OECD_IDD_DEFINITION_D_PREV,Definition: Previous definition - with overlap year (OECD_IDD),OECD_IDD_STATISTICAL_OPERATION_MEAN,Statistical operation: Arithmetic mean (OECD_IDD),OECD_IDD,Income Distribution Database,0,Units,A,Normal value,PU,Public,,,,,,,,,,,,,,,,,,,,,,,,,,,,,,,,,,,,,19660000.0,17553213.0,18251464.0,18667717.0,,,,,,,,
A,Annual,LTU,Lithuania,OECD_IDD_EAR_METH2012,Total earnings (employee income) (Income definition since 2012),Y18T65,18 to 65 years old,XDC_HH_EQ,Domestic currency per equivalized household,OECD_IDD_DEFINITION_D_CUR,Definition: Current definition (OECD_IDD),OECD_IDD_STATISTICAL_OPERATION_MEAN,Statistical operation: Arithmetic mean (OECD_IDD),OECD_IDD,Income Distribution Database,0,Units,A,Normal value,PU,Public,,,,,,,,,,,,,,,,,,,,,,,,,,,,,2953.0,3578.0,4973.0,5803.0,6614.0,5406.0,4666.0,5564.0,5873.0,6338.0,6918.0,7426.0,8141.0,8949.0,9801.0,13592.0,14981.0,16038.0,,
A,Annual,LTU,Lithuania,OECD_IDD_EAR_METH2012,Total earnings (employee income) (Income definition since 2012),Y_GT65,Over 65 years,XDC_HH_EQ,Domestic currency per equivalized household,OECD_IDD_DEFINITION_D_CUR,Definition: Current definition (OECD_IDD),OECD_IDD_STATISTICAL_OPERATION_MEAN,Statistical operation: Arithmetic mean (OECD_IDD),OECD_IDD,Income Distribution Database,0,Units,A,Normal value,PU,Public,,,,,,,,,,,,,,,,,,,,,,,,,,,,,619.0,759.0,1047.0,1394.0,1284.0,1053.0,825.0,992.0,1115.0,1180.0,1195.0,1393.0,1761.0,1836.0,2009.0,2858.0,2794.0,2733.0,,
A,Annual,LTU,Lithuania,OECD_IDD_EAR_METH2012,Total earnings (employee income) (Income definition since 2012),_T,All age ranges or no breakdown by age,XDC_HH_EQ,Domestic currency per equivalized household,OECD_IDD_DEFINITION_D_CUR,Definition: Current definition (OECD_IDD),OECD_IDD_STATISTICAL_OPERATION_MEAN,Statistical operation: Arithmetic mean (OECD_IDD),OECD_IDD,Income Distribution Database,0,Units,A,Normal value,PU,Public,,,,,,,,,,,,,,,,,,,,,,,,,,,,,2518.0,3070.0,4216.0,4987.0,5596.0,4580.0,3897.0,4633.0,4868.0,5287.0,5802.0,6154.0,6759.0,7457.0,8043.0,11296.0,12438.0,13249.0,,
A,Annual,LUX,Luxembourg,OECD_IDD_EAR_METH2012,Total earnings (employee income) (Income definition since 2012),Y18T65,18 to 65 years old,XDC_HH_EQ,Domestic currency per equivalized household,OECD_IDD_DEFINITION_D_CUR,Definition: Current definition (OECD_IDD),OECD_IDD_STATISTICAL_OPERATION_MEAN,Statistical operation: Arithmetic mean (OECD_IDD),OECD_IDD,Income Distribution Database,0,Units,A,Normal value,PU,Public,,,,,,,,,,,,,,,,,,,,,,,,,,,,,,,,,,,,,,,,39830.0,42170.0,43858.0,51588.0,50876.0,57656.0,63434.0,,
A,Annual,LUX,Luxembourg,OECD_IDD_EAR_METH2012,Total earnings (employee income) (Income definition since 2012),Y18T65,18 to 65 years old,XDC_HH_EQ,Domestic currency per equivalized household,OECD_IDD_DEFINITION_D_INC,Definition: Previous definition - without overlap year (OECD_IDD),OECD_IDD_STATISTICAL_OPERATION_MEAN,Statistical operation: Arithmetic mean (OECD_IDD),OECD_IDD,Income Distribution Database,0,Units,A,Normal value,PU,Public,,,,,,,,,,,,,,,,,,,,,,,,,,,,,35099.0,37359.0,38979.0,40334.0,40732.0,40373.0,40152.0,41128.0,41580.0,43014.0,42802.0,,,,,,,,,
A,Annual,LUX,Luxembourg,OECD_IDD_EAR_METH2012,Total earnings (employee income) (Income definition since 2012),Y_GT65,Over 65 years,XDC_HH_EQ,Domestic currency per equivalized household,OECD_IDD_DEFINITION_D_CUR,Definition: Current definition (OECD_IDD),OECD_IDD_STATISTICAL_OPERATION_MEAN,Statistical operation: Arithmetic mean (OECD_IDD),OECD_IDD,Income Distribution Database,0,Units,A,Normal value,PU,Public,,,,,,,,,,,,,,,,,,,,,,,,,,,,,,,,,,,,,,,,4747.0,3877.0,3093.0,3661.0,3125.0,5614.0,6873.0,,
A,Annual,LUX,Luxembourg,OECD_IDD_EAR_METH2012,Total earnings (employee income) (Income definition since 2012),Y_GT65,Over 65 years,XDC_HH_EQ,Domestic currency per equivalized household,OECD_IDD_DEFINITION_D_INC,Definition: Previous definition - without overlap year (OECD_IDD),OECD_IDD_STATISTICAL_OPERATION_MEAN,Statistical operation: Arithmetic mean (OECD_IDD),OECD_IDD,Income Distribution Database,0,Units,A,Normal value,PU,Public,,,,,,,,,,,,,,,,,,,,,,,,,,,,,3503.0,3310.0,2838.0,2739.0,4533.0,4484.0,4659.0,4774.0,4015.0,4499.0,5151.0,,,,,,,,,
A,Annual,LUX,Luxembourg,OECD_IDD_EAR_METH2012,Total earnings (employee income) (Income definition since 2012),_T,All age ranges or no breakdown by age,XDC_HH_EQ,Domestic currency per equivalized household,OECD_IDD_DEFINITION_D_CUR,Definition: Current definition (OECD_IDD),OECD_IDD_STATISTICAL_OPERATION_MEAN,Statistical operation: Arithmetic mean (OECD_IDD),OECD_IDD,Income Distribution Database,0,Units,A,Normal value,PU,Public,,,,,,,,,,,,,,,,,,,,,,,,,,,,,,,,,,,,,,,,35430.0,37267.0,38003.0,44897.0,44724.0,51034.0,55618.0,,
A,Annual,LUX,Luxembourg,OECD_IDD_EAR_METH2012,Total earnings (employee income) (Income definition since 2012),_T,All age ranges or no breakdown by age,XDC_HH_EQ,Domestic currency per equivalized household,OECD_IDD_DEFINITION_D_INC,Definition: Previous definition - without overlap year (OECD_IDD),OECD_IDD_STATISTICAL_OPERATION_MEAN,Statistical operation: Arithmetic mean (OECD_IDD),OECD_IDD,Income Distribution Database,0,Units,A,Normal value,PU,Public,,,,,,,,,,,,,,,,,,,,,,,,,,,,,29999.0,32081.0,33235.0,34481.0,34901.0,34774.0,34784.0,35166.0,35664.0,36657.0,37973.0,,,,,,,,,
A,Annual,LVA,Latvia,OECD_IDD_EAR_METH2012,Total earnings (employee income) (Income definition since 2012),Y18T65,18 to 65 years old,XDC_HH_EQ,Domestic currency per equivalized household,OECD_IDD_DEFINITION_D_CUR,Definition: Current definition (OECD_IDD),OECD_IDD_STATISTICAL_OPERATION_MEAN,Statistical operation: Arithmetic mean (OECD_IDD),OECD_IDD,Income Distribution Database,0,Units,A,Normal value,PU,Public,,,,,,,,,,,,,,,,,,,,,,,,,,,,,2326.0,3037.0,4978.0,7567.0,8625.0,6489.0,5959.0,6539.0,6897.0,7779.0,8655.0,9387.0,9924.0,11083.0,12163.0,12713.0,13599.0,14051.0,14051.0,
A,Annual,LVA,Latvia,OECD_IDD_EAR_METH2012,Total earnings (employee income) (Income definition since 2012),Y_GT65,Over 65 years,XDC_HH_EQ,Domestic currency per equivalized household,OECD_IDD_DEFINITION_D_CUR,Definition: Current definition (OECD_IDD),OECD_IDD_STATISTICAL_OPERATION_MEAN,Statistical operation: Arithmetic mean (OECD_IDD),OECD_IDD,Income Distribution Database,0,Units,A,Normal value,PU,Public,,,,,,,,,,,,,,,,,,,,,,,,,,,,,652.0,955.0,1848.0,2653.0,3052.0,2254.0,1749.0,1877.0,1978.0,2145.0,2353.0,2757.0,2768.0,3079.0,3158.0,3704.0,4077.0,4134.0,4134.0,
A,Annual,LVA,Latvia,OECD_IDD_EAR_METH2012,Total earnings (employee income) (Income definition since 2012),_T,All age ranges or no breakdown by age,XDC_HH_EQ,Domestic currency per equivalized household,OECD_IDD_DEFINITION_D_CUR,Definition: Current definition (OECD_IDD),OECD_IDD_STATISTICAL_OPERATION_MEAN,Statistical operation: Arithmetic mean (OECD_IDD),OECD_IDD,Income Distribution Database,0,Units,A,Normal value,PU,Public,,,,,,,,,,,,,,,,,,,,,,,,,,,,,2007.0,2654.0,4388.0,6572.0,7454.0,5619.0,5157.0,5648.0,5935.0,6620.0,7371.0,8005.0,8357.0,9426.0,10288.0,10876.0,11577.0,11929.0,11929.0,
A,Annual,MEX,Mexico,OECD_IDD_EAR_METH2012,Total earnings (employee income) (Income definition since 2012),Y18T65,18 to 65 years old,XDC_HH_EQ,Domestic currency per equivalized household,OECD_IDD_DEFINITION_D_CUR,Definition: Current definition (OECD_IDD),OECD_IDD_STATISTICAL_OPERATION_MEAN,Statistical operation: Arithmetic mean (OECD_IDD),OECD_IDD,Income Distribution Database,0,Units,A,Normal value,PU,Public,,,,,,,,,,,,,,,,,,,,,,,,,,,,,,,,,,,,,50496.0,,56578.0,,64021.0,,71660.0,,69213.0,,91292.0,
A,Annual,MEX,Mexico,OECD_IDD_EAR_METH2012,Total earnings (employee income) (Income definition since 2012),Y_GT65,Over 65 years,XDC_HH_EQ,Domestic currency per equivalized household,OECD_IDD_DEFINITION_D_CUR,Definition: Current definition (OECD_IDD),OECD_IDD_STATISTICAL_OPERATION_MEAN,Statistical operation: Arithmetic mean (OECD_IDD),OECD_IDD,Income Distribution Database,0,Units,A,Normal value,PU,Public,,,,,,,,,,,,,,,,,,,,,,,,,,,,,,,,,,,,,26523.0,,25744.0,,31371.0,,34296.0,,34398.0,,42485.0,
A,Annual,MEX,Mexico,OECD_IDD_EAR_METH2012,Total earnings (employee income) (Income definition since 2012),_T,All age ranges or no breakdown by age,XDC_HH_EQ,Domestic currency per equivalized household,OECD_IDD_DEFINITION_D_CUR,Definition: Current definition (OECD_IDD),OECD_IDD_STATISTICAL_OPERATION_MEAN,Statistical operation: Arithmetic mean (OECD_IDD),OECD_IDD,Income Distribution Database,0,Units,A,Normal value,PU,Public,,,,,,,,,,,,,,,,,,,,,,,,,,,,,,,,,,,,,44097.0,,49938.0,,56702.0,,63671.0,,61955.0,,80812.0,
A,Annual,NLD,Netherlands,OECD_IDD_EAR_METH2012,Total earnings (employee income) (Income definition since 2012),Y18T65,18 to 65 years old,XDC_HH_EQ,Domestic currency per equivalized household,OECD_IDD_DEFINITION_D_CUR,Definition: Current definition (OECD_IDD),OECD_IDD_STATISTICAL_OPERATION_MEAN,Statistical operation: Arithmetic mean (OECD_IDD),OECD_IDD,Income Distribution Database,0,Units,A,Normal value,PU,Public,,,,,,,,,,,,,,,,,,,,,,,,,,,,,,,,,,,,29600.0,29600.0,29700.0,30300.0,31100.0,31800.0,32900.0,34100.0,35700.0,37100.0,38700.0,41300.0,
A,Annual,NLD,Netherlands,OECD_IDD_EAR_METH2012,Total earnings (employee income) (Income definition since 2012),Y18T65,18 to 65 years old,XDC_HH_EQ,Domestic currency per equivalized household,OECD_IDD_DEFINITION_D_PREV,Definition: Previous definition - with overlap year (OECD_IDD),OECD_IDD_STATISTICAL_OPERATION_MEAN,Statistical operation: Arithmetic mean (OECD_IDD),OECD_IDD,Income Distribution Database,0,Units,A,Normal value,PU,Public,,,,,,,,,,,,,,,,,,,,,,,,,,,,,,,,,,,28800.0,29200.0,29500.0,29600.0,30200.0,,,,,,,,,
A,Annual,NLD,Netherlands,OECD_IDD_EAR_METH2012,Total earnings (employee income) (Income definition since 2012),Y_GT65,Over 65 years,XDC_HH_EQ,Domestic currency per equivalized household,OECD_IDD_DEFINITION_D_CUR,Definition: Current definition (OECD_IDD),OECD_IDD_STATISTICAL_OPERATION_MEAN,Statistical operation: Arithmetic mean (OECD_IDD),OECD_IDD,Income Distribution Database,0,Units,A,Normal value,PU,Public,,,,,,,,,,,,,,,,,,,,,,,,,,,,,,,,,,,,2200.0,2100.0,2300.0,2300.0,2400.0,2400.0,2500.0,2700.0,2900.0,3000.0,3300.0,3500.0,
A,Annual,NLD,Netherlands,OECD_IDD_EAR_METH2012,Total earnings (employee income) (Income definition since 2012),Y_GT65,Over 65 years,XDC_HH_EQ,Domestic currency per equivalized household,OECD_IDD_DEFINITION_D_PREV,Definition: Previous definition - with overlap year (OECD_IDD),OECD_IDD_STATISTICAL_OPERATION_MEAN,Statistical operation: Arithmetic mean (OECD_IDD),OECD_IDD,Income Distribution Database,0,Units,A,Normal value,PU,Public,,,,,,,,,,,,,,,,,,,,,,,,,,,,,,,,,,,2300.0,2300.0,2500.0,2400.0,2600.0,,,,,,,,,
A,Annual,NLD,Netherlands,OECD_IDD_EAR_METH2012,Total earnings (employee income) (Income definition since 2012),_T,All age ranges or no breakdown by age,XDC_HH_EQ,Domestic currency per equivalized household,OECD_IDD_DEFINITION_D_CUR,Definition: Current definition (OECD_IDD),OECD_IDD_STATISTICAL_OPERATION_MEAN,Statistical operation: Arithmetic mean (OECD_IDD),OECD_IDD,Income Distribution Database,0,Units,A,Normal value,PU,Public,,,,,,,,,,,,,,,,,,,,,,,,,,,,,,,,,,,,25400.0,25300.0,25300.0,25700.0,26100.0,26500.0,27300.0,28200.0,29300.0,30300.0,31600.0,33700.0,
A,Annual,NLD,Netherlands,OECD_IDD_EAR_METH2012,Total earnings (employee income) (Income definition since 2012),_T,All age ranges or no breakdown by age,XDC_HH_EQ,Domestic currency per equivalized household,OECD_IDD_DEFINITION_D_PREV,Definition: Previous definition - with overlap year (OECD_IDD),OECD_IDD_STATISTICAL_OPERATION_MEAN,Statistical operation: Arithmetic mean (OECD_IDD),OECD_IDD,Income Distribution Database,0,Units,A,Normal value,PU,Public,,,,,,,,,,,,,,,,,,,,,,,,,,,,,,,,,,,24700.0,24900.0,25000.0,25000.0,25300.0,,,,,,,,,
A,Annual,NZL,New Zealand,OECD_IDD_EAR_METH2012,Total earnings (employee income) (Income definition since 2012),Y18T65,18 to 65 years old,XDC_HH_EQ,Domestic currency per equivalized household,OECD_IDD_DEFINITION_D_CUR,Definition: Current definition (OECD_IDD),OECD_IDD_STATISTICAL_OPERATION_MEAN,Statistical operation: Arithmetic mean (OECD_IDD),OECD_IDD,Income Distribution Database,0,Units,A,Normal value,PU,Public,,,,,,,,,,,,,,,,,,,,,,,,,,,,,,,,,,,,,,,,,,,53053.0,54709.0,56188.0,,,
A,Annual,NZL,New Zealand,OECD_IDD_EAR_METH2012,Total earnings (employee income) (Income definition since 2012),Y18T65,18 to 65 years old,XDC_HH_EQ,Domestic currency per equivalized household,OECD_IDD_DEFINITION_D_PREV,Definition: Previous definition - with overlap year (OECD_IDD),OECD_IDD_STATISTICAL_OPERATION_MEAN,Statistical operation: Arithmetic mean (OECD_IDD),OECD_IDD,Income Distribution Database,0,Units,A,Normal value,PU,Public,,,,,,,,,,,,,,,,,,,,,,,,,,,,,,,,,,,,43400.0,45097.0,,47743.0,,,,,,,,,
A,Annual,NZL,New Zealand,OECD_IDD_EAR_METH2012,Total earnings (employee income) (Income definition since 2012),Y_GT65,Over 65 years,XDC_HH_EQ,Domestic currency per equivalized household,OECD_IDD_DEFINITION_D_CUR,Definition: Current definition (OECD_IDD),OECD_IDD_STATISTICAL_OPERATION_MEAN,Statistical operation: Arithmetic mean (OECD_IDD),OECD_IDD,Income Distribution Database,0,Units,A,Normal value,PU,Public,,,,,,,,,,,,,,,,,,,,,,,,,,,,,,,,,,,,,,,,,,,14031.0,14429.0,14796.0,,,
A,Annual,NZL,New Zealand,OECD_IDD_EAR_METH2012,Total earnings (employee income) (Income definition since 2012),Y_GT65,Over 65 years,XDC_HH_EQ,Domestic currency per equivalized household,OECD_IDD_DEFINITION_D_PREV,Definition: Previous definition - with overlap year (OECD_IDD),OECD_IDD_STATISTICAL_OPERATION_MEAN,Statistical operation: Arithmetic mean (OECD_IDD),OECD_IDD,Income Distribution Database,0,Units,A,Normal value,PU,Public,,,,,,,,,,,,,,,,,,,,,,,,,,,,,,,,,,,,8409.0,11148.0,,12480.0,,,,,,,,,
A,Annual,NZL,New Zealand,OECD_IDD_EAR_METH2012,Total earnings (employee income) (Income definition since 2012),_T,All age ranges or no breakdown by age,XDC_HH_EQ,Domestic currency per equivalized household,OECD_IDD_DEFINITION_D_CUR,Definition: Current definition (OECD_IDD),OECD_IDD_STATISTICAL_OPERATION_MEAN,Statistical operation: Arithmetic mean (OECD_IDD),OECD_IDD,Income Distribution Database,0,Units,A,Normal value,PU,Public,,,,,,,,,,,,,,,,,,,,,,,,,,,,,,,,,,,,,,,,,,,45139.0,46338.0,47294.0,,,
A,Annual,NZL,New Zealand,OECD_IDD_EAR_METH2012,Total earnings (employee income) (Income definition since 2012),_T,All age ranges or no breakdown by age,XDC_HH_EQ,Domestic currency per equivalized household,OECD_IDD_DEFINITION_D_PREV,Definition: Previous definition - with overlap year (OECD_IDD),OECD_IDD_STATISTICAL_OPERATION_MEAN,Statistical operation: Arithmetic mean (OECD_IDD),OECD_IDD,Income Distribution Database,0,Units,A,Normal value,PU,Public,,,,,,,,,,,,,,,,,,,,,,,,,,,,,,,,,,,,36237.0,38251.0,,40167.0,,,,,,,,,
A,Annual,POL,Poland,OECD_IDD_EAR_METH2012,Total earnings (employee income) (Income definition since 2012),Y18T65,18 to 65 years old,XDC_HH_EQ,Domestic currency per equivalized household,OECD_IDD_DEFINITION_D_CUR,Definition: Current definition (OECD_IDD),OECD_IDD_STATISTICAL_OPERATION_MEAN,Statistical operation: Arithmetic mean (OECD_IDD),OECD_IDD,Income Distribution Database,0,Units,A,Normal value,PU,Public,,,,,,,,,,,,,,,,,,,,,,,,,,,,,,15912.0,17945.0,21370.0,23663.0,24000.0,24818.0,26376.0,26746.0,28164.0,28662.0,30524.0,32047.0,34100.0,37543.0,42284.0,44344.0,50515.0,,
A,Annual,POL,Poland,OECD_IDD_EAR_METH2012,Total earnings (employee income) (Income definition since 2012),Y_GT65,Over 65 years,XDC_HH_EQ,Domestic currency per equivalized household,OECD_IDD_DEFINITION_D_CUR,Definition: Current definition (OECD_IDD),OECD_IDD_STATISTICAL_OPERATION_MEAN,Statistical operation: Arithmetic mean (OECD_IDD),OECD_IDD,Income Distribution Database,0,Units,A,Normal value,PU,Public,,,,,,,,,,,,,,,,,,,,,,,,,,,,,,3412.0,3845.0,4800.0,5485.0,6005.0,6404.0,6583.0,7219.0,7884.0,8059.0,8414.0,8976.0,9903.0,11345.0,12172.0,13466.0,16878.0,,
A,Annual,POL,Poland,OECD_IDD_EAR_METH2012,Total earnings (employee income) (Income definition since 2012),_T,All age ranges or no breakdown by age,XDC_HH_EQ,Domestic currency per equivalized household,OECD_IDD_DEFINITION_D_CUR,Definition: Current definition (OECD_IDD),OECD_IDD_STATISTICAL_OPERATION_MEAN,Statistical operation: Arithmetic mean (OECD_IDD),OECD_IDD,Income Distribution Database,0,Units,A,Normal value,PU,Public,,,,,,,,,,,,,,,,,,,,,,,,,,,,,,14160.0,15949.0,18963.0,21053.0,21421.0,22172.0,23565.0,23834.0,25084.0,25532.0,27018.0,28163.0,29706.0,32739.0,36588.0,38272.0,43279.0,,
A,Annual,PRT,Portugal,OECD_IDD_EAR_METH2012,Total earnings (employee income) (Income definition since 2012),Y18T65,18 to 65 years old,XDC_HH_EQ,Domestic currency per equivalized household,OECD_IDD_DEFINITION_D_CUR,Definition: Current definition (OECD_IDD),OECD_IDD_STATISTICAL_OPERATION_MEAN,Statistical operation: Arithmetic mean (OECD_IDD),OECD_IDD,Income Distribution Database,0,Units,A,Normal value,PU,Public,,,,,,,,,,,,,,,,,,,,,,,,,,,,,7859.0,7736.0,10796.0,11208.0,11296.0,11422.0,11661.0,11422.0,10482.0,11027.0,11225.0,11961.0,,12750.0,13665.0,15236.0,16115.0,16004.0,,
A,Annual,PRT,Portugal,OECD_IDD_EAR_METH2012,Total earnings (employee income) (Income definition since 2012),Y_GT65,Over 65 years,XDC_HH_EQ,Domestic currency per equivalized household,OECD_IDD_DEFINITION_D_CUR,Definition: Current definition (OECD_IDD),OECD_IDD_STATISTICAL_OPERATION_MEAN,Statistical operation: Arithmetic mean (OECD_IDD),OECD_IDD,Income Distribution Database,0,Units,A,Normal value,PU,Public,,,,,,,,,,,,,,,,,,,,,,,,,,,,,1671.0,1570.0,1983.0,2153.0,1887.0,1927.0,1944.0,1681.0,1585.0,1585.0,1521.0,1829.0,,1927.0,2230.0,2510.0,2994.0,3083.0,,
A,Annual,PRT,Portugal,OECD_IDD_EAR_METH2012,Total earnings (employee income) (Income definition since 2012),_T,All age ranges or no breakdown by age,XDC_HH_EQ,Domestic currency per equivalized household,OECD_IDD_DEFINITION_D_CUR,Definition: Current definition (OECD_IDD),OECD_IDD_STATISTICAL_OPERATION_MEAN,Statistical operation: Arithmetic mean (OECD_IDD),OECD_IDD,Income Distribution Database,0,Units,A,Normal value,PU,Public,,,,,,,,,,,,,,,,,,,,,,,,,,,,,6797.0,6718.0,9211.0,9599.0,9580.0,9661.0,9827.0,9538.0,8764.0,9184.0,9369.0,9949.0,,10536.0,11278.0,12515.0,13367.0,13000.0,,
A,Annual,ROU,Romania,OECD_IDD_EAR_METH2012,Total earnings (employee income) (Income definition since 2012),Y18T65,18 to 65 years old,XDC_HH_EQ,Domestic currency per equivalized household,OECD_IDD_DEFINITION_D_CUR,Definition: Current definition (OECD_IDD),OECD_IDD_STATISTICAL_OPERATION_MEAN,Statistical operation: Arithmetic mean (OECD_IDD),OECD_IDD,Income Distribution Database,0,Units,A,Normal value,PU,Public,,,,,,,,,,,,,,,,,,,,,,,,,,,,,,,7829.0,8767.0,10550.0,11091.0,10661.0,10656.0,11354.0,12049.0,13080.0,14152.0,15681.0,21394.0,31918.0,34997.0,40463.0,44869.0,,
A,Annual,ROU,Romania,OECD_IDD_EAR_METH2012,Total earnings (employee income) (Income definition since 2012),Y_GT65,Over 65 years,XDC_HH_EQ,Domestic currency per equivalized household,OECD_IDD_DEFINITION_D_CUR,Definition: Current definition (OECD_IDD),OECD_IDD_STATISTICAL_OPERATION_MEAN,Statistical operation: Arithmetic mean (OECD_IDD),OECD_IDD,Income Distribution Database,0,Units,A,Normal value,PU,Public,,,,,,,,,,,,,,,,,,,,,,,,,,,,,,,1782.0,1865.0,2124.0,2221.0,1971.0,2064.0,2082.0,2227.0,2476.0,3063.0,3798.0,5106.0,7499.0,8458.0,9398.0,10176.0,,
A,Annual,ROU,Romania,OECD_IDD_EAR_METH2012,Total earnings (employee income) (Income definition since 2012),_T,All age ranges or no breakdown by age,XDC_HH_EQ,Domestic currency per equivalized household,OECD_IDD_DEFINITION_D_CUR,Definition: Current definition (OECD_IDD),OECD_IDD_STATISTICAL_OPERATION_MEAN,Statistical operation: Arithmetic mean (OECD_IDD),OECD_IDD,Income Distribution Database,0,Units,A,Normal value,PU,Public,,,,,,,,,,,,,,,,,,,,,,,,,,,,,,,6669.0,7436.0,8875.0,9357.0,8871.0,8949.0,9505.0,10094.0,10979.0,11847.0,13199.0,18051.0,26738.0,29228.0,33799.0,37354.0,,
A,Annual,RUS,Russian Federation,OECD_IDD_EAR_METH2012,Total earnings (employee income) (Income definition since 2012),Y18T65,18 to 65 years old,XDC_HH_EQ,Domestic currency per equivalized household,OECD_IDD_DEFINITION_D_CUR,Definition: Current definition (OECD_IDD),OECD_IDD_STATISTICAL_OPERATION_MEAN,Statistical operation: Arithmetic mean (OECD_IDD),OECD_IDD,Income Distribution Database,0,Units,A,Normal value,PU,Public,,,,,,,,,,,,,,,,,,,,,,,,,,,,,,,,,,,,255838.0,,,,,425532.0,433514.0,,,,,,
A,Annual,RUS,Russian Federation,OECD_IDD_EAR_METH2012,Total earnings (employee income) (Income definition since 2012),Y_GT65,Over 65 years,XDC_HH_EQ,Domestic currency per equivalized household,OECD_IDD_DEFINITION_D_CUR,Definition: Current definition (OECD_IDD),OECD_IDD_STATISTICAL_OPERATION_MEAN,Statistical operation: Arithmetic mean (OECD_IDD),OECD_IDD,Income Distribution Database,0,Units,A,Normal value,PU,Public,,,,,,,,,,,,,,,,,,,,,,,,,,,,,,,,,,,,73941.0,,,,,150652.0,155701.0,,,,,,
A,Annual,RUS,Russian Federation,OECD_IDD_EAR_METH2012,Total earnings (employee income) (Income definition since 2012),_T,All age ranges or no breakdown by age,XDC_HH_EQ,Domestic currency per equivalized household,OECD_IDD_DEFINITION_D_CUR,Definition: Current definition (OECD_IDD),OECD_IDD_STATISTICAL_OPERATION_MEAN,Statistical operation: Arithmetic mean (OECD_IDD),OECD_IDD,Income Distribution Database,0,Units,A,Normal value,PU,Public,,,,,,,,,,,,,,,,,,,,,,,,,,,,,,,,,,,,225562.0,,,,,377065.0,382110.0,,,,,,
A,Annual,SVK,Slovak Republic,OECD_IDD_EAR_METH2012,Total earnings (employee income) (Income definition since 2012),Y18T65,18 to 65 years old,XDC_HH_EQ,Domestic currency per equivalized household,OECD_IDD_DEFINITION_D_CUR,Definition: Current definition (OECD_IDD),OECD_IDD_STATISTICAL_OPERATION_MEAN,Statistical operation: Arithmetic mean (OECD_IDD),OECD_IDD,Income Distribution Database,0,Units,A,Normal value,PU,Public,,,,,,,,,,,,,,,,,,,,,,,,,,,,,4807.0,5195.0,5979.0,6647.0,7456.0,7271.0,7380.0,7764.0,7145.0,8111.0,8294.0,8274.0,8491.0,8977.0,9620.0,10738.0,10186.0,10248.0,,
A,Annual,SVK,Slovak Republic,OECD_IDD_EAR_METH2012,Total earnings (employee income) (Income definition since 2012),Y_GT65,Over 65 years,XDC_HH_EQ,Domestic currency per equivalized household,OECD_IDD_DEFINITION_D_CUR,Definition: Current definition (OECD_IDD),OECD_IDD_STATISTICAL_OPERATION_MEAN,Statistical operation: Arithmetic mean (OECD_IDD),OECD_IDD,Income Distribution Database,0,Units,A,Normal value,PU,Public,,,,,,,,,,,,,,,,,,,,,,,,,,,,,616.0,792.0,1075.0,1312.0,1551.0,1403.0,1537.0,1620.0,1636.0,1851.0,1926.0,2062.0,2265.0,2657.0,2590.0,3101.0,3121.0,3520.0,,
A,Annual,SVK,Slovak Republic,OECD_IDD_EAR_METH2012,Total earnings (employee income) (Income definition since 2012),_T,All age ranges or no breakdown by age,XDC_HH_EQ,Domestic currency per equivalized household,OECD_IDD_DEFINITION_D_CUR,Definition: Current definition (OECD_IDD),OECD_IDD_STATISTICAL_OPERATION_MEAN,Statistical operation: Arithmetic mean (OECD_IDD),OECD_IDD,Income Distribution Database,0,Units,A,Normal value,PU,Public,,,,,,,,,,,,,,,,,,,,,,,,,,,,,4234.0,4542.0,5191.0,5758.0,6499.0,6341.0,6420.0,6744.0,6236.0,6944.0,7159.0,7177.0,7350.0,7778.0,8247.0,9105.0,8751.0,8822.0,,
A,Annual,SVN,Slovenia,OECD_IDD_EAR_METH2012,Total earnings (employee income) (Income definition since 2012),Y18T65,18 to 65 years old,XDC_HH_EQ,Domestic currency per equivalized household,OECD_IDD_DEFINITION_D_CUR,Definition: Current definition (OECD_IDD),OECD_IDD_STATISTICAL_OPERATION_MEAN,Statistical operation: Arithmetic mean (OECD_IDD),OECD_IDD,Income Distribution Database,0,Units,A,Normal value,PU,Public,,,,,,,,,,,,,,,,,,,,,,,,,,,,,11822.0,12442.0,13206.0,14387.0,15572.0,15191.0,15335.0,15066.0,14924.0,14691.0,15551.0,15539.0,16386.0,17432.0,18442.0,19790.0,20510.0,22420.0,,
A,Annual,SVN,Slovenia,OECD_IDD_EAR_METH2012,Total earnings (employee income) (Income definition since 2012),Y_GT65,Over 65 years,XDC_HH_EQ,Domestic currency per equivalized household,OECD_IDD_DEFINITION_D_CUR,Definition: Current definition (OECD_IDD),OECD_IDD_STATISTICAL_OPERATION_MEAN,Statistical operation: Arithmetic mean (OECD_IDD),OECD_IDD,Income Distribution Database,0,Units,A,Normal value,PU,Public,,,,,,,,,,,,,,,,,,,,,,,,,,,,,2929.0,3162.0,3005.0,3236.0,3658.0,2653.0,2555.0,2433.0,2138.0,2266.0,2398.0,2415.0,2570.0,2679.0,2974.0,3250.0,3326.0,3400.0,,
A,Annual,SVN,Slovenia,OECD_IDD_EAR_METH2012,Total earnings (employee income) (Income definition since 2012),_T,All age ranges or no breakdown by age,XDC_HH_EQ,Domestic currency per equivalized household,OECD_IDD_DEFINITION_D_CUR,Definition: Current definition (OECD_IDD),OECD_IDD_STATISTICAL_OPERATION_MEAN,Statistical operation: Arithmetic mean (OECD_IDD),OECD_IDD,Income Distribution Database,0,Units,A,Normal value,PU,Public,,,,,,,,,,,,,,,,,,,,,,,,,,,,,10488.0,10986.0,11676.0,12771.0,13734.0,13363.0,13459.0,13376.0,13205.0,12997.0,13655.0,13596.0,14210.0,15015.0,15807.0,16819.0,17401.0,18896.0,,
A,Annual,SWE,Sweden,OECD_IDD_EAR_METH2012,Total earnings (employee income) (Income definition since 2012),Y18T65,18 to 65 years old,XDC_HH_EQ,Domestic currency per equivalized household,OECD_IDD_DEFINITION_D_CUR,Definition: Current definition (OECD_IDD),OECD_IDD_STATISTICAL_OPERATION_MEAN,Statistical operation: Arithmetic mean (OECD_IDD),OECD_IDD,Income Distribution Database,0,Units,A,Normal value,PU,Public,,,,,,,,,,,,,,,,,,,,,,,,,,,,,,,,,,,,,,323680.0,334709.0,348107.0,360783.0,368193.0,383462.0,393392.0,394093.0,413737.0,437975.0,
A,Annual,SWE,Sweden,OECD_IDD_EAR_METH2012,Total earnings (employee income) (Income definition since 2012),Y18T65,18 to 65 years old,XDC_HH_EQ,Domestic currency per equivalized household,OECD_IDD_DEFINITION_D_PREV,Definition: Previous definition - with overlap year (OECD_IDD),OECD_IDD_STATISTICAL_OPERATION_MEAN,Statistical operation: Arithmetic mean (OECD_IDD),OECD_IDD,Income Distribution Database,0,Units,A,Normal value,PU,Public,,,,,,,,,,,,,,,,,,,,,,,,,,,,,,,,,,,,294218.0,300801.0,306693.0,,,,,,,,,,
A,Annual,SWE,Sweden,OECD_IDD_EAR_METH2012,Total earnings (employee income) (Income definition since 2012),Y_GT65,Over 65 years,XDC_HH_EQ,Domestic currency per equivalized household,OECD_IDD_DEFINITION_D_CUR,Definition: Current definition (OECD_IDD),OECD_IDD_STATISTICAL_OPERATION_MEAN,Statistical operation: Arithmetic mean (OECD_IDD),OECD_IDD,Income Distribution Database,0,Units,A,Normal value,PU,Public,,,,,,,,,,,,,,,,,,,,,,,,,,,,,,,,,,,,,,49406.0,51706.0,53556.0,54639.0,55327.0,58069.0,59399.0,58246.0,61816.0,66071.0,
A,Annual,SWE,Sweden,OECD_IDD_EAR_METH2012,Total earnings (employee income) (Income definition since 2012),Y_GT65,Over 65 years,XDC_HH_EQ,Domestic currency per equivalized household,OECD_IDD_DEFINITION_D_PREV,Definition: Previous definition - with overlap year (OECD_IDD),OECD_IDD_STATISTICAL_OPERATION_MEAN,Statistical operation: Arithmetic mean (OECD_IDD),OECD_IDD,Income Distribution Database,0,Units,A,Normal value,PU,Public,,,,,,,,,,,,,,,,,,,,,,,,,,,,,,,,,,,,38940.0,38294.0,39056.0,,,,,,,,,,
A,Annual,SWE,Sweden,OECD_IDD_EAR_METH2012,Total earnings (employee income) (Income definition since 2012),_T,All age ranges or no breakdown by age,XDC_HH_EQ,Domestic currency per equivalized household,OECD_IDD_DEFINITION_D_CUR,Definition: Current definition (OECD_IDD),OECD_IDD_STATISTICAL_OPERATION_MEAN,Statistical operation: Arithmetic mean (OECD_IDD),OECD_IDD,Income Distribution Database,0,Units,A,Normal value,PU,Public,,,,,,,,,,,,,,,,,,,,,,,,,,,,,,,,,,,,,,261848.0,269856.0,279744.0,289234.0,294573.0,306617.0,314173.0,314925.0,330350.0,349365.0,
A,Annual,SWE,Sweden,OECD_IDD_EAR_METH2012,Total earnings (employee income) (Income definition since 2012),_T,All age ranges or no breakdown by age,XDC_HH_EQ,Domestic currency per equivalized household,OECD_IDD_DEFINITION_D_PREV,Definition: Previous definition - with overlap year (OECD_IDD),OECD_IDD_STATISTICAL_OPERATION_MEAN,Statistical operation: Arithmetic mean (OECD_IDD),OECD_IDD,Income Distribution Database,0,Units,A,Normal value,PU,Public,,,,,,,,,,,,,,,,,,,,,,,,,,,,,,,,,,,,241050.0,244349.0,247042.0,,,,,,,,,,
A,Annual,TUR,Turkiye,OECD_IDD_EAR_METH2012,Total earnings (employee income) (Income definition since 2012),Y18T65,18 to 65 years old,XDC_HH_EQ,Domestic currency per equivalized household,OECD_IDD_DEFINITION_D_CUR,Definition: Current definition (OECD_IDD),OECD_IDD_STATISTICAL_OPERATION_MEAN,Statistical operation: Arithmetic mean (OECD_IDD),OECD_IDD,Income Distribution Database,0,Units,A,Normal value,PU,Public,,,,,,,,,,,,,,,,,,,,,,,,,,,,,,,,,,,,7145.0,8336.0,9452.0,10691.0,12375.0,,16901.0,18995.0,22420.0,24714.0,33033.0,,
A,Annual,TUR,Turkiye,OECD_IDD_EAR_METH2012,Total earnings (employee income) (Income definition since 2012),Y_GT65,Over 65 years,XDC_HH_EQ,Domestic currency per equivalized household,OECD_IDD_DEFINITION_D_CUR,Definition: Current definition (OECD_IDD),OECD_IDD_STATISTICAL_OPERATION_MEAN,Statistical operation: Arithmetic mean (OECD_IDD),OECD_IDD,Income Distribution Database,0,Units,A,Normal value,PU,Public,,,,,,,,,,,,,,,,,,,,,,,,,,,,,,,,,,,,1994.0,2303.0,2711.0,3133.0,3629.0,,4845.0,4728.0,5211.0,5835.0,7488.0,,
A,Annual,TUR,Turkiye,OECD_IDD_EAR_METH2012,Total earnings (employee income) (Income definition since 2012),_T,All age ranges or no breakdown by age,XDC_HH_EQ,Domestic currency per equivalized household,OECD_IDD_DEFINITION_D_CUR,Definition: Current definition (OECD_IDD),OECD_IDD_STATISTICAL_OPERATION_MEAN,Statistical operation: Arithmetic mean (OECD_IDD),OECD_IDD,Income Distribution Database,0,Units,A,Normal value,PU,Public,,,,,,,,,,,,,,,,,,,,,,,,,,,,,,,,,,,,6429.0,7553.0,8493.0,9612.0,11145.0,,15128.0,17016.0,19990.0,22115.0,29437.0,,
A,Annual,USA,United States,OECD_IDD_EAR_METH2012,Total earnings (employee income) (Income definition since 2012),Y18T65,18 to 65 years old,XDC_HH_EQ,Domestic currency per equivalized household,OECD_IDD_DEFINITION_D_CUR,Definition: Current definition (OECD_IDD),OECD_IDD_STATISTICAL_OPERATION_MEAN,Statistical operation: Arithmetic mean (OECD_IDD),OECD_IDD,Income Distribution Database,0,Units,A,Normal value,PU,Public,,,,,,,,,,,,,,,,,,,,,,,,,,,,,,,,,,,,,,43671.0,44397.0,46981.0,49301.0,50959.0,53528.0,57352.0,55931.0,59880.0,65140.0,
A,Annual,USA,United States,OECD_IDD_EAR_METH2012,Total earnings (employee income) (Income definition since 2012),Y18T65,18 to 65 years old,XDC_HH_EQ,Domestic currency per equivalized household,OECD_IDD_DEFINITION_D_PREV,Definition: Previous definition - with overlap year (OECD_IDD),OECD_IDD_STATISTICAL_OPERATION_MEAN,Statistical operation: Arithmetic mean (OECD_IDD),OECD_IDD,Income Distribution Database,0,Units,A,Normal value,PU,Public,,,,,,,,,,,,,,,,,,,,,,,,,,,,,,,,,,,,,41955.0,42496.0,,,,,,,,,,
A,Annual,USA,United States,OECD_IDD_EAR_METH2012,Total earnings (employee income) (Income definition since 2012),Y_GT65,Over 65 years,XDC_HH_EQ,Domestic currency per equivalized household,OECD_IDD_DEFINITION_D_CUR,Definition: Current definition (OECD_IDD),OECD_IDD_STATISTICAL_OPERATION_MEAN,Statistical operation: Arithmetic mean (OECD_IDD),OECD_IDD,Income Distribution Database,0,Units,A,Normal value,PU,Public,,,,,,,,,,,,,,,,,,,,,,,,,,,,,,,,,,,,,,14343.0,13462.0,14469.0,15577.0,15950.0,16908.0,17455.0,17723.0,18260.0,18620.0,
A,Annual,USA,United States,OECD_IDD_EAR_METH2012,Total earnings (employee income) (Income definition since 2012),Y_GT65,Over 65 years,XDC_HH_EQ,Domestic currency per equivalized household,OECD_IDD_DEFINITION_D_PREV,Definition: Previous definition - with overlap year (OECD_IDD),OECD_IDD_STATISTICAL_OPERATION_MEAN,Statistical operation: Arithmetic mean (OECD_IDD),OECD_IDD,Income Distribution Database,0,Units,A,Normal value,PU,Public,,,,,,,,,,,,,,,,,,,,,,,,,,,,,,,,,,,,,13169.0,13218.0,,,,,,,,,,
A,Annual,USA,United States,OECD_IDD_EAR_METH2012,Total earnings (employee income) (Income definition since 2012),_T,All age ranges or no breakdown by age,XDC_HH_EQ,Domestic currency per equivalized household,OECD_IDD_DEFINITION_D_CUR,Definition: Current definition (OECD_IDD),OECD_IDD_STATISTICAL_OPERATION_MEAN,Statistical operation: Arithmetic mean (OECD_IDD),OECD_IDD,Income Distribution Database,0,Units,A,Normal value,PU,Public,,,,,,,,,,,,,,,,,,,,,,,,,,,,,,,,,,,,,,37867.0,38604.0,40567.0,42701.0,43799.0,45850.0,49224.0,48067.0,51320.0,55530.0,
A,Annual,USA,United States,OECD_IDD_EAR_METH2012,Total earnings (employee income) (Income definition since 2012),_T,All age ranges or no breakdown by age,XDC_HH_EQ,Domestic currency per equivalized household,OECD_IDD_DEFINITION_D_PREV,Definition: Previous definition - with overlap year (OECD_IDD),OECD_IDD_STATISTICAL_OPERATION_MEAN,Statistical operation: Arithmetic mean (OECD_IDD),OECD_IDD,Income Distribution Database,0,Units,A,Normal value,PU,Public,,,,,,,,,,,,,,,,,,,,,,,,,,,,,,,,,,,,,36474.0,37197.0,,,,,,,,,,
A,Annual,ZAF,South Africa,OECD_IDD_EAR_METH2012,Total earnings (employee income) (Income definition since 2012),Y18T65,18 to 65 years old,XDC_HH_EQ,Domestic currency per equivalized household,OECD_IDD_DEFINITION_D_CUR,Definition: Current definition (OECD_IDD),OECD_IDD_STATISTICAL_OPERATION_MEAN,Statistical operation: Arithmetic mean (OECD_IDD),OECD_IDD,Income Distribution Database,0,Units,A,Normal value,PU,Public,,,,,,,,,,,,,,,,,,,,,,,,,,,,,,,,,,,,,,,,67352.0,,75464.0,,,,,,
A,Annual,ZAF,South Africa,OECD_IDD_EAR_METH2012,Total earnings (employee income) (Income definition since 2012),Y_GT65,Over 65 years,XDC_HH_EQ,Domestic currency per equivalized household,OECD_IDD_DEFINITION_D_CUR,Definition: Current definition (OECD_IDD),OECD_IDD_STATISTICAL_OPERATION_MEAN,Statistical operation: Arithmetic mean (OECD_IDD),OECD_IDD,Income Distribution Database,0,Units,A,Normal value,PU,Public,,,,,,,,,,,,,,,,,,,,,,,,,,,,,,,,,,,,,,,,30580.0,,23382.0,,,,,,
A,Annual,ZAF,South Africa,OECD_IDD_EAR_METH2012,Total earnings (employee income) (Income definition since 2012),_T,All age ranges or no breakdown by age,XDC_HH_EQ,Domestic currency per equivalized household,OECD_IDD_DEFINITION_D_CUR,Definition: Current definition (OECD_IDD),OECD_IDD_STATISTICAL_OPERATION_MEAN,Statistical operation: Arithmetic mean (OECD_IDD),OECD_IDD,Income Distribution Database,0,Units,A,Normal value,PU,Public,,,,,,,,,,,,,,,,,,,,,,,,,,,,,,,,,,,,,,,,56451.0,,62722.0,,,,,,
