FREQ,FREQ_LABEL,REF_AREA,REF_AREA_LABEL,INDICATOR,INDICATOR_LABEL,UNIT_MEASURE,UNIT_MEASURE_LABEL,TYPE,TYPE_LABEL,DATABASE_ID,DATABASE_ID_LABEL,UNIT_MULT,UNIT_MULT_LABEL,OBS_STATUS,OBS_STATUS_LABEL,OBS_CONF,OBS_CONF_LABEL,2019,2021,2024
A,Annual,AGO,Angola,WEF_TTDI_TTDI_D_13,"Cultural Resources, 1-7 (best)",IX_1T7,Score 1-7,WEF_TTDI_RNK,Type: Rank,WEF_TTDI,Travel & Tourism Development Index (TTDI),0,Units,A,Normal value,PU,Public,108.0,110.0,113.0
A,Annual,AGO,Angola,WEF_TTDI_TTDI_D_13,"Cultural Resources, 1-7 (best)",IX_1T7,Score 1-7,WEF_TTDI_SCR,Type: Score,WEF_TTDI,Travel & Tourism Development Index (TTDI),0,Units,A,Normal value,PU,Public,1.2096111310509703,1.202152646942235,1.191606956801535
A,Annual,AGO,Angola,WEF_TTDI_TTDI_D_13,"Cultural Resources, 1-7 (best)",IX_1T7,Score 1-7,WEF_TTDI_VAL,Type: Value,WEF_TTDI,Travel & Tourism Development Index (TTDI),0,Units,A,Normal value,PU,Public,1.2096111310509703,1.202152646942235,1.191606956801535
A,Annual,ALB,Albania,WEF_TTDI_TTDI_D_13,"Cultural Resources, 1-7 (best)",IX_1T7,Score 1-7,WEF_TTDI_RNK,Type: Rank,WEF_TTDI,Travel & Tourism Development Index (TTDI),0,Units,A,Normal value,PU,Public,110.0,109.0,104.0
A,Annual,ALB,Albania,WEF_TTDI_TTDI_D_13,"Cultural Resources, 1-7 (best)",IX_1T7,Score 1-7,WEF_TTDI_SCR,Type: Score,WEF_TTDI,Travel & Tourism Development Index (TTDI),0,Units,A,Normal value,PU,Public,1.2052068329795027,1.2216638124482797,1.2888994366928643
A,Annual,ALB,Albania,WEF_TTDI_TTDI_D_13,"Cultural Resources, 1-7 (best)",IX_1T7,Score 1-7,WEF_TTDI_VAL,Type: Value,WEF_TTDI,Travel & Tourism Development Index (TTDI),0,Units,A,Normal value,PU,Public,1.2052068329795027,1.2216638124482797,1.2888994366928643
A,Annual,ARE,United Arab Emirates,WEF_TTDI_TTDI_D_13,"Cultural Resources, 1-7 (best)",IX_1T7,Score 1-7,WEF_TTDI_RNK,Type: Rank,WEF_TTDI,Travel & Tourism Development Index (TTDI),0,Units,A,Normal value,PU,Public,53.0,40.0,34.0
A,Annual,ARE,United Arab Emirates,WEF_TTDI_TTDI_D_13,"Cultural Resources, 1-7 (best)",IX_1T7,Score 1-7,WEF_TTDI_SCR,Type: Score,WEF_TTDI,Travel & Tourism Development Index (TTDI),0,Units,A,Normal value,PU,Public,1.827381639031176,2.150474981168955,2.483036491292835
A,Annual,ARE,United Arab Emirates,WEF_TTDI_TTDI_D_13,"Cultural Resources, 1-7 (best)",IX_1T7,Score 1-7,WEF_TTDI_VAL,Type: Value,WEF_TTDI,Travel & Tourism Development Index (TTDI),0,Units,A,Normal value,PU,Public,1.827381639031176,2.150474981168955,2.483036491292835
A,Annual,ARG,Argentina,WEF_TTDI_TTDI_D_13,"Cultural Resources, 1-7 (best)",IX_1T7,Score 1-7,WEF_TTDI_RNK,Type: Rank,WEF_TTDI,Travel & Tourism Development Index (TTDI),0,Units,A,Normal value,PU,Public,17.0,19.0,20.0
A,Annual,ARG,Argentina,WEF_TTDI_TTDI_D_13,"Cultural Resources, 1-7 (best)",IX_1T7,Score 1-7,WEF_TTDI_SCR,Type: Score,WEF_TTDI,Travel & Tourism Development Index (TTDI),0,Units,A,Normal value,PU,Public,3.3536324167417773,3.3135548085746467,3.291431675337561
A,Annual,ARG,Argentina,WEF_TTDI_TTDI_D_13,"Cultural Resources, 1-7 (best)",IX_1T7,Score 1-7,WEF_TTDI_VAL,Type: Value,WEF_TTDI,Travel & Tourism Development Index (TTDI),0,Units,A,Normal value,PU,Public,3.3536324167417773,3.3135548085746467,3.291431675337561
A,Annual,ARM,Armenia,WEF_TTDI_TTDI_D_13,"Cultural Resources, 1-7 (best)",IX_1T7,Score 1-7,WEF_TTDI_RNK,Type: Rank,WEF_TTDI,Travel & Tourism Development Index (TTDI),0,Units,A,Normal value,PU,Public,86.0,81.0,86.0
A,Annual,ARM,Armenia,WEF_TTDI_TTDI_D_13,"Cultural Resources, 1-7 (best)",IX_1T7,Score 1-7,WEF_TTDI_SCR,Type: Score,WEF_TTDI,Travel & Tourism Development Index (TTDI),0,Units,A,Normal value,PU,Public,1.4152355138273487,1.5058597662772335,1.5006592913046513
A,Annual,ARM,Armenia,WEF_TTDI_TTDI_D_13,"Cultural Resources, 1-7 (best)",IX_1T7,Score 1-7,WEF_TTDI_VAL,Type: Value,WEF_TTDI,Travel & Tourism Development Index (TTDI),0,Units,A,Normal value,PU,Public,1.4152355138273487,1.5058597662772335,1.5006592913046513
A,Annual,AUS,Australia,WEF_TTDI_TTDI_D_13,"Cultural Resources, 1-7 (best)",IX_1T7,Score 1-7,WEF_TTDI_RNK,Type: Rank,WEF_TTDI,Travel & Tourism Development Index (TTDI),0,Units,A,Normal value,PU,Public,16.0,16.0,17.0
A,Annual,AUS,Australia,WEF_TTDI_TTDI_D_13,"Cultural Resources, 1-7 (best)",IX_1T7,Score 1-7,WEF_TTDI_SCR,Type: Score,WEF_TTDI,Travel & Tourism Development Index (TTDI),0,Units,A,Normal value,PU,Public,3.413953551504493,3.5778944449491057,3.775015062197277
A,Annual,AUS,Australia,WEF_TTDI_TTDI_D_13,"Cultural Resources, 1-7 (best)",IX_1T7,Score 1-7,WEF_TTDI_VAL,Type: Value,WEF_TTDI,Travel & Tourism Development Index (TTDI),0,Units,A,Normal value,PU,Public,3.413953551504493,3.5778944449491057,3.775015062197277
A,Annual,AUT,Austria,WEF_TTDI_TTDI_D_13,"Cultural Resources, 1-7 (best)",IX_1T7,Score 1-7,WEF_TTDI_RNK,Type: Rank,WEF_TTDI,Travel & Tourism Development Index (TTDI),0,Units,A,Normal value,PU,Public,31.0,31.0,31.0
A,Annual,AUT,Austria,WEF_TTDI_TTDI_D_13,"Cultural Resources, 1-7 (best)",IX_1T7,Score 1-7,WEF_TTDI_SCR,Type: Score,WEF_TTDI,Travel & Tourism Development Index (TTDI),0,Units,A,Normal value,PU,Public,2.3616105524206947,2.518216346035046,2.6484362881580648
A,Annual,AUT,Austria,WEF_TTDI_TTDI_D_13,"Cultural Resources, 1-7 (best)",IX_1T7,Score 1-7,WEF_TTDI_VAL,Type: Value,WEF_TTDI,Travel & Tourism Development Index (TTDI),0,Units,A,Normal value,PU,Public,2.3616105524206947,2.518216346035046,2.6484362881580648
A,Annual,AZE,Azerbaijan,WEF_TTDI_TTDI_D_13,"Cultural Resources, 1-7 (best)",IX_1T7,Score 1-7,WEF_TTDI_RNK,Type: Rank,WEF_TTDI,Travel & Tourism Development Index (TTDI),0,Units,A,Normal value,PU,Public,43.0,33.0,35.0
A,Annual,AZE,Azerbaijan,WEF_TTDI_TTDI_D_13,"Cultural Resources, 1-7 (best)",IX_1T7,Score 1-7,WEF_TTDI_SCR,Type: Score,WEF_TTDI,Travel & Tourism Development Index (TTDI),0,Units,A,Normal value,PU,Public,2.0052279865949347,2.2937494692715346,2.4829896232164232
A,Annual,AZE,Azerbaijan,WEF_TTDI_TTDI_D_13,"Cultural Resources, 1-7 (best)",IX_1T7,Score 1-7,WEF_TTDI_VAL,Type: Value,WEF_TTDI,Travel & Tourism Development Index (TTDI),0,Units,A,Normal value,PU,Public,2.0052279865949347,2.2937494692715346,2.4829896232164232
A,Annual,BEL,Belgium,WEF_TTDI_TTDI_D_13,"Cultural Resources, 1-7 (best)",IX_1T7,Score 1-7,WEF_TTDI_RNK,Type: Rank,WEF_TTDI,Travel & Tourism Development Index (TTDI),0,Units,A,Normal value,PU,Public,21.0,20.0,22.0
A,Annual,BEL,Belgium,WEF_TTDI_TTDI_D_13,"Cultural Resources, 1-7 (best)",IX_1T7,Score 1-7,WEF_TTDI_SCR,Type: Score,WEF_TTDI,Travel & Tourism Development Index (TTDI),0,Units,A,Normal value,PU,Public,2.8825254032833763,3.062995876571335,3.1593735184544443
A,Annual,BEL,Belgium,WEF_TTDI_TTDI_D_13,"Cultural Resources, 1-7 (best)",IX_1T7,Score 1-7,WEF_TTDI_VAL,Type: Value,WEF_TTDI,Travel & Tourism Development Index (TTDI),0,Units,A,Normal value,PU,Public,2.8825254032833763,3.062995876571335,3.1593735184544443
A,Annual,BEN,Benin,WEF_TTDI_TTDI_D_13,"Cultural Resources, 1-7 (best)",IX_1T7,Score 1-7,WEF_TTDI_RNK,Type: Rank,WEF_TTDI,Travel & Tourism Development Index (TTDI),0,Units,A,Normal value,PU,Public,102.0,104.0,92.0
A,Annual,BEN,Benin,WEF_TTDI_TTDI_D_13,"Cultural Resources, 1-7 (best)",IX_1T7,Score 1-7,WEF_TTDI_SCR,Type: Score,WEF_TTDI,Travel & Tourism Development Index (TTDI),0,Units,A,Normal value,PU,Public,1.2500243161158695,1.2510449952102904,1.4447082834944076
A,Annual,BEN,Benin,WEF_TTDI_TTDI_D_13,"Cultural Resources, 1-7 (best)",IX_1T7,Score 1-7,WEF_TTDI_VAL,Type: Value,WEF_TTDI,Travel & Tourism Development Index (TTDI),0,Units,A,Normal value,PU,Public,1.2500243161158695,1.2510449952102904,1.4447082834944076
A,Annual,BGD,Bangladesh,WEF_TTDI_TTDI_D_13,"Cultural Resources, 1-7 (best)",IX_1T7,Score 1-7,WEF_TTDI_RNK,Type: Rank,WEF_TTDI,Travel & Tourism Development Index (TTDI),0,Units,A,Normal value,PU,Public,63.0,67.0,73.0
A,Annual,BGD,Bangladesh,WEF_TTDI_TTDI_D_13,"Cultural Resources, 1-7 (best)",IX_1T7,Score 1-7,WEF_TTDI_SCR,Type: Score,WEF_TTDI,Travel & Tourism Development Index (TTDI),0,Units,A,Normal value,PU,Public,1.6154937720111184,1.6317645985825897,1.6335452306495013
A,Annual,BGD,Bangladesh,WEF_TTDI_TTDI_D_13,"Cultural Resources, 1-7 (best)",IX_1T7,Score 1-7,WEF_TTDI_VAL,Type: Value,WEF_TTDI,Travel & Tourism Development Index (TTDI),0,Units,A,Normal value,PU,Public,1.6154937720111184,1.6317645985825897,1.6335452306495013
A,Annual,BGR,Bulgaria,WEF_TTDI_TTDI_D_13,"Cultural Resources, 1-7 (best)",IX_1T7,Score 1-7,WEF_TTDI_RNK,Type: Rank,WEF_TTDI,Travel & Tourism Development Index (TTDI),0,Units,A,Normal value,PU,Public,40.0,45.0,47.0
A,Annual,BGR,Bulgaria,WEF_TTDI_TTDI_D_13,"Cultural Resources, 1-7 (best)",IX_1T7,Score 1-7,WEF_TTDI_SCR,Type: Score,WEF_TTDI,Travel & Tourism Development Index (TTDI),0,Units,A,Normal value,PU,Public,2.066007957917911,2.057464728951195,2.101012393145605
A,Annual,BGR,Bulgaria,WEF_TTDI_TTDI_D_13,"Cultural Resources, 1-7 (best)",IX_1T7,Score 1-7,WEF_TTDI_VAL,Type: Value,WEF_TTDI,Travel & Tourism Development Index (TTDI),0,Units,A,Normal value,PU,Public,2.066007957917911,2.057464728951195,2.101012393145605
A,Annual,BHR,Bahrain,WEF_TTDI_TTDI_D_13,"Cultural Resources, 1-7 (best)",IX_1T7,Score 1-7,WEF_TTDI_RNK,Type: Rank,WEF_TTDI,Travel & Tourism Development Index (TTDI),0,Units,A,Normal value,PU,Public,106.0,88.0,84.0
A,Annual,BHR,Bahrain,WEF_TTDI_TTDI_D_13,"Cultural Resources, 1-7 (best)",IX_1T7,Score 1-7,WEF_TTDI_SCR,Type: Score,WEF_TTDI,Travel & Tourism Development Index (TTDI),0,Units,A,Normal value,PU,Public,1.2228473374840765,1.4469759123053216,1.5458003711881865
A,Annual,BHR,Bahrain,WEF_TTDI_TTDI_D_13,"Cultural Resources, 1-7 (best)",IX_1T7,Score 1-7,WEF_TTDI_VAL,Type: Value,WEF_TTDI,Travel & Tourism Development Index (TTDI),0,Units,A,Normal value,PU,Public,1.2228473374840765,1.4469759123053216,1.5458003711881865
A,Annual,BIH,Bosnia and Herzegovina,WEF_TTDI_TTDI_D_13,"Cultural Resources, 1-7 (best)",IX_1T7,Score 1-7,WEF_TTDI_RNK,Type: Rank,WEF_TTDI,Travel & Tourism Development Index (TTDI),0,Units,A,Normal value,PU,Public,92.0,78.0,80.0
A,Annual,BIH,Bosnia and Herzegovina,WEF_TTDI_TTDI_D_13,"Cultural Resources, 1-7 (best)",IX_1T7,Score 1-7,WEF_TTDI_SCR,Type: Score,WEF_TTDI,Travel & Tourism Development Index (TTDI),0,Units,A,Normal value,PU,Public,1.359308163264839,1.5323849958290423,1.586135779180096
A,Annual,BIH,Bosnia and Herzegovina,WEF_TTDI_TTDI_D_13,"Cultural Resources, 1-7 (best)",IX_1T7,Score 1-7,WEF_TTDI_VAL,Type: Value,WEF_TTDI,Travel & Tourism Development Index (TTDI),0,Units,A,Normal value,PU,Public,1.359308163264839,1.5323849958290423,1.586135779180096
A,Annual,BOL,Bolivia,WEF_TTDI_TTDI_D_13,"Cultural Resources, 1-7 (best)",IX_1T7,Score 1-7,WEF_TTDI_RNK,Type: Rank,WEF_TTDI,Travel & Tourism Development Index (TTDI),0,Units,A,Normal value,PU,Public,34.0,37.0,40.0
A,Annual,BOL,Bolivia,WEF_TTDI_TTDI_D_13,"Cultural Resources, 1-7 (best)",IX_1T7,Score 1-7,WEF_TTDI_SCR,Type: Score,WEF_TTDI,Travel & Tourism Development Index (TTDI),0,Units,A,Normal value,PU,Public,2.2077730391409056,2.2009954828910323,2.235678967112605
A,Annual,BOL,Bolivia,WEF_TTDI_TTDI_D_13,"Cultural Resources, 1-7 (best)",IX_1T7,Score 1-7,WEF_TTDI_VAL,Type: Value,WEF_TTDI,Travel & Tourism Development Index (TTDI),0,Units,A,Normal value,PU,Public,2.2077730391409056,2.2009954828910323,2.235678967112605
A,Annual,BRA,Brazil,WEF_TTDI_TTDI_D_13,"Cultural Resources, 1-7 (best)",IX_1T7,Score 1-7,WEF_TTDI_RNK,Type: Rank,WEF_TTDI,Travel & Tourism Development Index (TTDI),0,Units,A,Normal value,PU,Public,9.0,9.0,11.0
A,Annual,BRA,Brazil,WEF_TTDI_TTDI_D_13,"Cultural Resources, 1-7 (best)",IX_1T7,Score 1-7,WEF_TTDI_SCR,Type: Score,WEF_TTDI,Travel & Tourism Development Index (TTDI),0,Units,A,Normal value,PU,Public,5.462944445925917,5.490876709625505,5.436868666231501
A,Annual,BRA,Brazil,WEF_TTDI_TTDI_D_13,"Cultural Resources, 1-7 (best)",IX_1T7,Score 1-7,WEF_TTDI_VAL,Type: Value,WEF_TTDI,Travel & Tourism Development Index (TTDI),0,Units,A,Normal value,PU,Public,5.462944445925917,5.490876709625505,5.436868666231501
A,Annual,BRB,Barbados,WEF_TTDI_TTDI_D_13,"Cultural Resources, 1-7 (best)",IX_1T7,Score 1-7,WEF_TTDI_RNK,Type: Rank,WEF_TTDI,Travel & Tourism Development Index (TTDI),0,Units,A,Normal value,PU,Public,117.0,117.0,117.0
A,Annual,BRB,Barbados,WEF_TTDI_TTDI_D_13,"Cultural Resources, 1-7 (best)",IX_1T7,Score 1-7,WEF_TTDI_SCR,Type: Score,WEF_TTDI,Travel & Tourism Development Index (TTDI),0,Units,A,Normal value,PU,Public,1.1254363531104028,1.1015932933864026,1.0982416064644869
A,Annual,BRB,Barbados,WEF_TTDI_TTDI_D_13,"Cultural Resources, 1-7 (best)",IX_1T7,Score 1-7,WEF_TTDI_VAL,Type: Value,WEF_TTDI,Travel & Tourism Development Index (TTDI),0,Units,A,Normal value,PU,Public,1.1254363531104028,1.1015932933864026,1.0982416064644869
A,Annual,BWA,Botswana,WEF_TTDI_TTDI_D_13,"Cultural Resources, 1-7 (best)",IX_1T7,Score 1-7,WEF_TTDI_RNK,Type: Rank,WEF_TTDI,Travel & Tourism Development Index (TTDI),0,Units,A,Normal value,PU,Public,105.0,100.0,103.0
A,Annual,BWA,Botswana,WEF_TTDI_TTDI_D_13,"Cultural Resources, 1-7 (best)",IX_1T7,Score 1-7,WEF_TTDI_SCR,Type: Score,WEF_TTDI,Travel & Tourism Development Index (TTDI),0,Units,A,Normal value,PU,Public,1.2447504459162628,1.2991894519648723,1.2947855059227484
A,Annual,BWA,Botswana,WEF_TTDI_TTDI_D_13,"Cultural Resources, 1-7 (best)",IX_1T7,Score 1-7,WEF_TTDI_VAL,Type: Value,WEF_TTDI,Travel & Tourism Development Index (TTDI),0,Units,A,Normal value,PU,Public,1.2447504459162628,1.2991894519648723,1.2947855059227484
A,Annual,CAN,Canada,WEF_TTDI_TTDI_D_13,"Cultural Resources, 1-7 (best)",IX_1T7,Score 1-7,WEF_TTDI_RNK,Type: Rank,WEF_TTDI,Travel & Tourism Development Index (TTDI),0,Units,A,Normal value,PU,Public,20.0,27.0,25.0
A,Annual,CAN,Canada,WEF_TTDI_TTDI_D_13,"Cultural Resources, 1-7 (best)",IX_1T7,Score 1-7,WEF_TTDI_SCR,Type: Score,WEF_TTDI,Travel & Tourism Development Index (TTDI),0,Units,A,Normal value,PU,Public,2.942545162054879,2.676106577733844,2.8895656787405044
A,Annual,CAN,Canada,WEF_TTDI_TTDI_D_13,"Cultural Resources, 1-7 (best)",IX_1T7,Score 1-7,WEF_TTDI_VAL,Type: Value,WEF_TTDI,Travel & Tourism Development Index (TTDI),0,Units,A,Normal value,PU,Public,2.942545162054879,2.676106577733844,2.8895656787405044
A,Annual,CHE,Switzerland,WEF_TTDI_TTDI_D_13,"Cultural Resources, 1-7 (best)",IX_1T7,Score 1-7,WEF_TTDI_RNK,Type: Rank,WEF_TTDI,Travel & Tourism Development Index (TTDI),0,Units,A,Normal value,PU,Public,45.0,41.0,45.0
A,Annual,CHE,Switzerland,WEF_TTDI_TTDI_D_13,"Cultural Resources, 1-7 (best)",IX_1T7,Score 1-7,WEF_TTDI_SCR,Type: Score,WEF_TTDI,Travel & Tourism Development Index (TTDI),0,Units,A,Normal value,PU,Public,1.9720903421273976,2.1465555990633365,2.1683950398567227
A,Annual,CHE,Switzerland,WEF_TTDI_TTDI_D_13,"Cultural Resources, 1-7 (best)",IX_1T7,Score 1-7,WEF_TTDI_VAL,Type: Value,WEF_TTDI,Travel & Tourism Development Index (TTDI),0,Units,A,Normal value,PU,Public,1.9720903421273976,2.1465555990633365,2.1683950398567227
A,Annual,CHL,Chile,WEF_TTDI_TTDI_D_13,"Cultural Resources, 1-7 (best)",IX_1T7,Score 1-7,WEF_TTDI_RNK,Type: Rank,WEF_TTDI,Travel & Tourism Development Index (TTDI),0,Units,A,Normal value,PU,Public,39.0,38.0,43.0
A,Annual,CHL,Chile,WEF_TTDI_TTDI_D_13,"Cultural Resources, 1-7 (best)",IX_1T7,Score 1-7,WEF_TTDI_SCR,Type: Score,WEF_TTDI,Travel & Tourism Development Index (TTDI),0,Units,A,Normal value,PU,Public,2.1157740265851803,2.169839599782131,2.1881197645793726
A,Annual,CHL,Chile,WEF_TTDI_TTDI_D_13,"Cultural Resources, 1-7 (best)",IX_1T7,Score 1-7,WEF_TTDI_VAL,Type: Value,WEF_TTDI,Travel & Tourism Development Index (TTDI),0,Units,A,Normal value,PU,Public,2.1157740265851803,2.169839599782131,2.1881197645793726
A,Annual,CHN,China,WEF_TTDI_TTDI_D_13,"Cultural Resources, 1-7 (best)",IX_1T7,Score 1-7,WEF_TTDI_RNK,Type: Rank,WEF_TTDI,Travel & Tourism Development Index (TTDI),0,Units,A,Normal value,PU,Public,1.0,2.0,4.0
A,Annual,CHN,China,WEF_TTDI_TTDI_D_13,"Cultural Resources, 1-7 (best)",IX_1T7,Score 1-7,WEF_TTDI_SCR,Type: Score,WEF_TTDI,Travel & Tourism Development Index (TTDI),0,Units,A,Normal value,PU,Public,6.931881843329574,6.63222042880196,6.586152108892906
A,Annual,CHN,China,WEF_TTDI_TTDI_D_13,"Cultural Resources, 1-7 (best)",IX_1T7,Score 1-7,WEF_TTDI_VAL,Type: Value,WEF_TTDI,Travel & Tourism Development Index (TTDI),0,Units,A,Normal value,PU,Public,6.931881843329574,6.63222042880196,6.586152108892906
A,Annual,CIV,Cote d'Ivoire,WEF_TTDI_TTDI_D_13,"Cultural Resources, 1-7 (best)",IX_1T7,Score 1-7,WEF_TTDI_RNK,Type: Rank,WEF_TTDI,Travel & Tourism Development Index (TTDI),0,Units,A,Normal value,PU,Public,94.0,94.0,99.0
A,Annual,CIV,Cote d'Ivoire,WEF_TTDI_TTDI_D_13,"Cultural Resources, 1-7 (best)",IX_1T7,Score 1-7,WEF_TTDI_SCR,Type: Score,WEF_TTDI,Travel & Tourism Development Index (TTDI),0,Units,A,Normal value,PU,Public,1.333244544899905,1.3587023499203574,1.359295797769858
A,Annual,CIV,Cote d'Ivoire,WEF_TTDI_TTDI_D_13,"Cultural Resources, 1-7 (best)",IX_1T7,Score 1-7,WEF_TTDI_VAL,Type: Value,WEF_TTDI,Travel & Tourism Development Index (TTDI),0,Units,A,Normal value,PU,Public,1.333244544899905,1.3587023499203574,1.359295797769858
A,Annual,CMR,Cameroon,WEF_TTDI_TTDI_D_13,"Cultural Resources, 1-7 (best)",IX_1T7,Score 1-7,WEF_TTDI_RNK,Type: Rank,WEF_TTDI,Travel & Tourism Development Index (TTDI),0,Units,A,Normal value,PU,Public,91.0,93.0,97.0
A,Annual,CMR,Cameroon,WEF_TTDI_TTDI_D_13,"Cultural Resources, 1-7 (best)",IX_1T7,Score 1-7,WEF_TTDI_SCR,Type: Score,WEF_TTDI,Travel & Tourism Development Index (TTDI),0,Units,A,Normal value,PU,Public,1.3664322186434246,1.366648435403861,1.3689660305551696
A,Annual,CMR,Cameroon,WEF_TTDI_TTDI_D_13,"Cultural Resources, 1-7 (best)",IX_1T7,Score 1-7,WEF_TTDI_VAL,Type: Value,WEF_TTDI,Travel & Tourism Development Index (TTDI),0,Units,A,Normal value,PU,Public,1.3664322186434246,1.366648435403861,1.3689660305551696
A,Annual,COL,Colombia,WEF_TTDI_TTDI_D_13,"Cultural Resources, 1-7 (best)",IX_1T7,Score 1-7,WEF_TTDI_RNK,Type: Rank,WEF_TTDI,Travel & Tourism Development Index (TTDI),0,Units,A,Normal value,PU,Public,18.0,18.0,16.0
A,Annual,COL,Colombia,WEF_TTDI_TTDI_D_13,"Cultural Resources, 1-7 (best)",IX_1T7,Score 1-7,WEF_TTDI_SCR,Type: Score,WEF_TTDI,Travel & Tourism Development Index (TTDI),0,Units,A,Normal value,PU,Public,3.2620719726471488,3.4415971397120746,3.78789853330625
A,Annual,COL,Colombia,WEF_TTDI_TTDI_D_13,"Cultural Resources, 1-7 (best)",IX_1T7,Score 1-7,WEF_TTDI_VAL,Type: Value,WEF_TTDI,Travel & Tourism Development Index (TTDI),0,Units,A,Normal value,PU,Public,3.2620719726471488,3.4415971397120746,3.78789853330625
A,Annual,CRI,Costa Rica,WEF_TTDI_TTDI_D_13,"Cultural Resources, 1-7 (best)",IX_1T7,Score 1-7,WEF_TTDI_RNK,Type: Rank,WEF_TTDI,Travel & Tourism Development Index (TTDI),0,Units,A,Normal value,PU,Public,88.0,87.0,90.0
A,Annual,CRI,Costa Rica,WEF_TTDI_TTDI_D_13,"Cultural Resources, 1-7 (best)",IX_1T7,Score 1-7,WEF_TTDI_SCR,Type: Score,WEF_TTDI,Travel & Tourism Development Index (TTDI),0,Units,A,Normal value,PU,Public,1.4023006939486895,1.4599473098212372,1.463894219823047
A,Annual,CRI,Costa Rica,WEF_TTDI_TTDI_D_13,"Cultural Resources, 1-7 (best)",IX_1T7,Score 1-7,WEF_TTDI_VAL,Type: Value,WEF_TTDI,Travel & Tourism Development Index (TTDI),0,Units,A,Normal value,PU,Public,1.4023006939486895,1.4599473098212372,1.463894219823047
A,Annual,CYP,Cyprus,WEF_TTDI_TTDI_D_13,"Cultural Resources, 1-7 (best)",IX_1T7,Score 1-7,WEF_TTDI_RNK,Type: Rank,WEF_TTDI,Travel & Tourism Development Index (TTDI),0,Units,A,Normal value,PU,Public,79.0,72.0,76.0
A,Annual,CYP,Cyprus,WEF_TTDI_TTDI_D_13,"Cultural Resources, 1-7 (best)",IX_1T7,Score 1-7,WEF_TTDI_SCR,Type: Score,WEF_TTDI,Travel & Tourism Development Index (TTDI),0,Units,A,Normal value,PU,Public,1.4693793185098472,1.5600750543541282,1.6149621796725102
A,Annual,CYP,Cyprus,WEF_TTDI_TTDI_D_13,"Cultural Resources, 1-7 (best)",IX_1T7,Score 1-7,WEF_TTDI_VAL,Type: Value,WEF_TTDI,Travel & Tourism Development Index (TTDI),0,Units,A,Normal value,PU,Public,1.4693793185098472,1.5600750543541282,1.6149621796725102
A,Annual,CZE,Czechia,WEF_TTDI_TTDI_D_13,"Cultural Resources, 1-7 (best)",IX_1T7,Score 1-7,WEF_TTDI_RNK,Type: Rank,WEF_TTDI,Travel & Tourism Development Index (TTDI),0,Units,A,Normal value,PU,Public,42.0,39.0,38.0
A,Annual,CZE,Czechia,WEF_TTDI_TTDI_D_13,"Cultural Resources, 1-7 (best)",IX_1T7,Score 1-7,WEF_TTDI_SCR,Type: Score,WEF_TTDI,Travel & Tourism Development Index (TTDI),0,Units,A,Normal value,PU,Public,2.036290912745782,2.150751580235952,2.2587280664948146
A,Annual,CZE,Czechia,WEF_TTDI_TTDI_D_13,"Cultural Resources, 1-7 (best)",IX_1T7,Score 1-7,WEF_TTDI_VAL,Type: Value,WEF_TTDI,Travel & Tourism Development Index (TTDI),0,Units,A,Normal value,PU,Public,2.036290912745782,2.150751580235952,2.2587280664948146
A,Annual,DEU,Germany,WEF_TTDI_TTDI_D_13,"Cultural Resources, 1-7 (best)",IX_1T7,Score 1-7,WEF_TTDI_RNK,Type: Rank,WEF_TTDI,Travel & Tourism Development Index (TTDI),0,Units,A,Normal value,PU,Public,8.0,6.0,6.0
A,Annual,DEU,Germany,WEF_TTDI_TTDI_D_13,"Cultural Resources, 1-7 (best)",IX_1T7,Score 1-7,WEF_TTDI_SCR,Type: Score,WEF_TTDI,Travel & Tourism Development Index (TTDI),0,Units,A,Normal value,PU,Public,5.783333333333333,6.166666666666667,6.266666666666667
A,Annual,DEU,Germany,WEF_TTDI_TTDI_D_13,"Cultural Resources, 1-7 (best)",IX_1T7,Score 1-7,WEF_TTDI_VAL,Type: Value,WEF_TTDI,Travel & Tourism Development Index (TTDI),0,Units,A,Normal value,PU,Public,5.783333333333333,6.166666666666667,6.266666666666667
A,Annual,DNK,Denmark,WEF_TTDI_TTDI_D_13,"Cultural Resources, 1-7 (best)",IX_1T7,Score 1-7,WEF_TTDI_RNK,Type: Rank,WEF_TTDI,Travel & Tourism Development Index (TTDI),0,Units,A,Normal value,PU,Public,56.0,51.0,49.0
A,Annual,DNK,Denmark,WEF_TTDI_TTDI_D_13,"Cultural Resources, 1-7 (best)",IX_1T7,Score 1-7,WEF_TTDI_SCR,Type: Score,WEF_TTDI,Travel & Tourism Development Index (TTDI),0,Units,A,Normal value,PU,Public,1.7280954281751209,1.9161625320904423,2.0252568543973464
A,Annual,DNK,Denmark,WEF_TTDI_TTDI_D_13,"Cultural Resources, 1-7 (best)",IX_1T7,Score 1-7,WEF_TTDI_VAL,Type: Value,WEF_TTDI,Travel & Tourism Development Index (TTDI),0,Units,A,Normal value,PU,Public,1.7280954281751209,1.9161625320904423,2.0252568543973464
A,Annual,DOM,Dominican Republic,WEF_TTDI_TTDI_D_13,"Cultural Resources, 1-7 (best)",IX_1T7,Score 1-7,WEF_TTDI_RNK,Type: Rank,WEF_TTDI,Travel & Tourism Development Index (TTDI),0,Units,A,Normal value,PU,Public,99.0,86.0,89.0
A,Annual,DOM,Dominican Republic,WEF_TTDI_TTDI_D_13,"Cultural Resources, 1-7 (best)",IX_1T7,Score 1-7,WEF_TTDI_SCR,Type: Score,WEF_TTDI,Travel & Tourism Development Index (TTDI),0,Units,A,Normal value,PU,Public,1.2775586651025552,1.4695308515609016,1.4691292448026796
A,Annual,DOM,Dominican Republic,WEF_TTDI_TTDI_D_13,"Cultural Resources, 1-7 (best)",IX_1T7,Score 1-7,WEF_TTDI_VAL,Type: Value,WEF_TTDI,Travel & Tourism Development Index (TTDI),0,Units,A,Normal value,PU,Public,1.2775586651025552,1.4695308515609016,1.4691292448026796
A,Annual,DZA,Algeria,WEF_TTDI_TTDI_D_13,"Cultural Resources, 1-7 (best)",IX_1T7,Score 1-7,WEF_TTDI_RNK,Type: Rank,WEF_TTDI,Travel & Tourism Development Index (TTDI),0,Units,A,Normal value,PU,Public,41.0,44.0,42.0
A,Annual,DZA,Algeria,WEF_TTDI_TTDI_D_13,"Cultural Resources, 1-7 (best)",IX_1T7,Score 1-7,WEF_TTDI_SCR,Type: Score,WEF_TTDI,Travel & Tourism Development Index (TTDI),0,Units,A,Normal value,PU,Public,2.0519780046007696,2.0964246183957145,2.2002331207798216
A,Annual,DZA,Algeria,WEF_TTDI_TTDI_D_13,"Cultural Resources, 1-7 (best)",IX_1T7,Score 1-7,WEF_TTDI_VAL,Type: Value,WEF_TTDI,Travel & Tourism Development Index (TTDI),0,Units,A,Normal value,PU,Public,2.0519780046007696,2.0964246183957145,2.2002331207798216
A,Annual,ECU,Ecuador,WEF_TTDI_TTDI_D_13,"Cultural Resources, 1-7 (best)",IX_1T7,Score 1-7,WEF_TTDI_RNK,Type: Rank,WEF_TTDI,Travel & Tourism Development Index (TTDI),0,Units,A,Normal value,PU,Public,48.0,46.0,46.0
A,Annual,ECU,Ecuador,WEF_TTDI_TTDI_D_13,"Cultural Resources, 1-7 (best)",IX_1T7,Score 1-7,WEF_TTDI_SCR,Type: Score,WEF_TTDI,Travel & Tourism Development Index (TTDI),0,Units,A,Normal value,PU,Public,1.895627940317897,2.056511597876272,2.1110893379181315
A,Annual,ECU,Ecuador,WEF_TTDI_TTDI_D_13,"Cultural Resources, 1-7 (best)",IX_1T7,Score 1-7,WEF_TTDI_VAL,Type: Value,WEF_TTDI,Travel & Tourism Development Index (TTDI),0,Units,A,Normal value,PU,Public,1.895627940317897,2.056511597876272,2.1110893379181315
A,Annual,EGY,"Egypt, Arab Rep.",WEF_TTDI_TTDI_D_13,"Cultural Resources, 1-7 (best)",IX_1T7,Score 1-7,WEF_TTDI_RNK,Type: Rank,WEF_TTDI,Travel & Tourism Development Index (TTDI),0,Units,A,Normal value,PU,Public,23.0,21.0,21.0
A,Annual,EGY,"Egypt, Arab Rep.",WEF_TTDI_TTDI_D_13,"Cultural Resources, 1-7 (best)",IX_1T7,Score 1-7,WEF_TTDI_SCR,Type: Score,WEF_TTDI,Travel & Tourism Development Index (TTDI),0,Units,A,Normal value,PU,Public,2.757743021659998,3.010573302362279,3.17995415256744
A,Annual,EGY,"Egypt, Arab Rep.",WEF_TTDI_TTDI_D_13,"Cultural Resources, 1-7 (best)",IX_1T7,Score 1-7,WEF_TTDI_VAL,Type: Value,WEF_TTDI,Travel & Tourism Development Index (TTDI),0,Units,A,Normal value,PU,Public,2.757743021659998,3.010573302362279,3.17995415256744
A,Annual,ESP,Spain,WEF_TTDI_TTDI_D_13,"Cultural Resources, 1-7 (best)",IX_1T7,Score 1-7,WEF_TTDI_RNK,Type: Rank,WEF_TTDI,Travel & Tourism Development Index (TTDI),0,Units,A,Normal value,PU,Public,4.0,3.0,3.0
A,Annual,ESP,Spain,WEF_TTDI_TTDI_D_13,"Cultural Resources, 1-7 (best)",IX_1T7,Score 1-7,WEF_TTDI_SCR,Type: Score,WEF_TTDI,Travel & Tourism Development Index (TTDI),0,Units,A,Normal value,PU,Public,6.219882295978019,6.623536731370086,6.642971690140639
A,Annual,ESP,Spain,WEF_TTDI_TTDI_D_13,"Cultural Resources, 1-7 (best)",IX_1T7,Score 1-7,WEF_TTDI_VAL,Type: Value,WEF_TTDI,Travel & Tourism Development Index (TTDI),0,Units,A,Normal value,PU,Public,6.219882295978019,6.623536731370086,6.642971690140639
A,Annual,EST,Estonia,WEF_TTDI_TTDI_D_13,"Cultural Resources, 1-7 (best)",IX_1T7,Score 1-7,WEF_TTDI_RNK,Type: Rank,WEF_TTDI,Travel & Tourism Development Index (TTDI),0,Units,A,Normal value,PU,Public,81.0,66.0,59.0
A,Annual,EST,Estonia,WEF_TTDI_TTDI_D_13,"Cultural Resources, 1-7 (best)",IX_1T7,Score 1-7,WEF_TTDI_SCR,Type: Score,WEF_TTDI,Travel & Tourism Development Index (TTDI),0,Units,A,Normal value,PU,Public,1.46164145161003,1.6346936144206363,1.8498894011515776
A,Annual,EST,Estonia,WEF_TTDI_TTDI_D_13,"Cultural Resources, 1-7 (best)",IX_1T7,Score 1-7,WEF_TTDI_VAL,Type: Value,WEF_TTDI,Travel & Tourism Development Index (TTDI),0,Units,A,Normal value,PU,Public,1.46164145161003,1.6346936144206363,1.8498894011515776
A,Annual,FIN,Finland,WEF_TTDI_TTDI_D_13,"Cultural Resources, 1-7 (best)",IX_1T7,Score 1-7,WEF_TTDI_RNK,Type: Rank,WEF_TTDI,Travel & Tourism Development Index (TTDI),0,Units,A,Normal value,PU,Public,74.0,61.0,63.0
A,Annual,FIN,Finland,WEF_TTDI_TTDI_D_13,"Cultural Resources, 1-7 (best)",IX_1T7,Score 1-7,WEF_TTDI_SCR,Type: Score,WEF_TTDI,Travel & Tourism Development Index (TTDI),0,Units,A,Normal value,PU,Public,1.500801367337341,1.6998027400935305,1.80556397845432
A,Annual,FIN,Finland,WEF_TTDI_TTDI_D_13,"Cultural Resources, 1-7 (best)",IX_1T7,Score 1-7,WEF_TTDI_VAL,Type: Value,WEF_TTDI,Travel & Tourism Development Index (TTDI),0,Units,A,Normal value,PU,Public,1.500801367337341,1.6998027400935305,1.80556397845432
A,Annual,FRA,France,WEF_TTDI_TTDI_D_13,"Cultural Resources, 1-7 (best)",IX_1T7,Score 1-7,WEF_TTDI_RNK,Type: Rank,WEF_TTDI,Travel & Tourism Development Index (TTDI),0,Units,A,Normal value,PU,Public,5.0,7.0,7.0
A,Annual,FRA,France,WEF_TTDI_TTDI_D_13,"Cultural Resources, 1-7 (best)",IX_1T7,Score 1-7,WEF_TTDI_SCR,Type: Score,WEF_TTDI,Travel & Tourism Development Index (TTDI),0,Units,A,Normal value,PU,Public,5.918099551203797,5.942489196152346,6.24839128457902
A,Annual,FRA,France,WEF_TTDI_TTDI_D_13,"Cultural Resources, 1-7 (best)",IX_1T7,Score 1-7,WEF_TTDI_VAL,Type: Value,WEF_TTDI,Travel & Tourism Development Index (TTDI),0,Units,A,Normal value,PU,Public,5.918099551203797,5.942489196152346,6.24839128457902
A,Annual,GBR,United Kingdom,WEF_TTDI_TTDI_D_13,"Cultural Resources, 1-7 (best)",IX_1T7,Score 1-7,WEF_TTDI_RNK,Type: Rank,WEF_TTDI,Travel & Tourism Development Index (TTDI),0,Units,A,Normal value,PU,Public,6.0,11.0,8.0
A,Annual,GBR,United Kingdom,WEF_TTDI_TTDI_D_13,"Cultural Resources, 1-7 (best)",IX_1T7,Score 1-7,WEF_TTDI_SCR,Type: Score,WEF_TTDI,Travel & Tourism Development Index (TTDI),0,Units,A,Normal value,PU,Public,5.8826881381943785,5.161166954506872,5.829043238363994
A,Annual,GBR,United Kingdom,WEF_TTDI_TTDI_D_13,"Cultural Resources, 1-7 (best)",IX_1T7,Score 1-7,WEF_TTDI_VAL,Type: Value,WEF_TTDI,Travel & Tourism Development Index (TTDI),0,Units,A,Normal value,PU,Public,5.8826881381943785,5.161166954506872,5.829043238363994
A,Annual,GEO,Georgia,WEF_TTDI_TTDI_D_13,"Cultural Resources, 1-7 (best)",IX_1T7,Score 1-7,WEF_TTDI_RNK,Type: Rank,WEF_TTDI,Travel & Tourism Development Index (TTDI),0,Units,A,Normal value,PU,Public,59.0,83.0,62.0
A,Annual,GEO,Georgia,WEF_TTDI_TTDI_D_13,"Cultural Resources, 1-7 (best)",IX_1T7,Score 1-7,WEF_TTDI_SCR,Type: Score,WEF_TTDI,Travel & Tourism Development Index (TTDI),0,Units,A,Normal value,PU,Public,1.6885689732167224,1.491638820925283,1.8090218630780115
A,Annual,GEO,Georgia,WEF_TTDI_TTDI_D_13,"Cultural Resources, 1-7 (best)",IX_1T7,Score 1-7,WEF_TTDI_VAL,Type: Value,WEF_TTDI,Travel & Tourism Development Index (TTDI),0,Units,A,Normal value,PU,Public,1.6885689732167224,1.491638820925283,1.8090218630780115
A,Annual,GHA,Ghana,WEF_TTDI_TTDI_D_13,"Cultural Resources, 1-7 (best)",IX_1T7,Score 1-7,WEF_TTDI_RNK,Type: Rank,WEF_TTDI,Travel & Tourism Development Index (TTDI),0,Units,A,Normal value,PU,Public,107.0,106.0,111.0
A,Annual,GHA,Ghana,WEF_TTDI_TTDI_D_13,"Cultural Resources, 1-7 (best)",IX_1T7,Score 1-7,WEF_TTDI_SCR,Type: Score,WEF_TTDI,Travel & Tourism Development Index (TTDI),0,Units,A,Normal value,PU,Public,1.215527292190025,1.237214842426133,1.2369274984896093
A,Annual,GHA,Ghana,WEF_TTDI_TTDI_D_13,"Cultural Resources, 1-7 (best)",IX_1T7,Score 1-7,WEF_TTDI_VAL,Type: Value,WEF_TTDI,Travel & Tourism Development Index (TTDI),0,Units,A,Normal value,PU,Public,1.215527292190025,1.237214842426133,1.2369274984896093
A,Annual,GRC,Greece,WEF_TTDI_TTDI_D_13,"Cultural Resources, 1-7 (best)",IX_1T7,Score 1-7,WEF_TTDI_RNK,Type: Rank,WEF_TTDI,Travel & Tourism Development Index (TTDI),0,Units,A,Normal value,PU,Public,24.0,24.0,24.0
A,Annual,GRC,Greece,WEF_TTDI_TTDI_D_13,"Cultural Resources, 1-7 (best)",IX_1T7,Score 1-7,WEF_TTDI_SCR,Type: Score,WEF_TTDI,Travel & Tourism Development Index (TTDI),0,Units,A,Normal value,PU,Public,2.73045491763348,2.7690222093319465,3.0105819880565354
A,Annual,GRC,Greece,WEF_TTDI_TTDI_D_13,"Cultural Resources, 1-7 (best)",IX_1T7,Score 1-7,WEF_TTDI_VAL,Type: Value,WEF_TTDI,Travel & Tourism Development Index (TTDI),0,Units,A,Normal value,PU,Public,2.73045491763348,2.7690222093319465,3.0105819880565354
A,Annual,GTM,Guatemala,WEF_TTDI_TTDI_D_13,"Cultural Resources, 1-7 (best)",IX_1T7,Score 1-7,WEF_TTDI_RNK,Type: Rank,WEF_TTDI,Travel & Tourism Development Index (TTDI),0,Units,A,Normal value,PU,Public,90.0,95.0,95.0
A,Annual,GTM,Guatemala,WEF_TTDI_TTDI_D_13,"Cultural Resources, 1-7 (best)",IX_1T7,Score 1-7,WEF_TTDI_SCR,Type: Score,WEF_TTDI,Travel & Tourism Development Index (TTDI),0,Units,A,Normal value,PU,Public,1.3664356590733495,1.353336362293592,1.439694003121653
A,Annual,GTM,Guatemala,WEF_TTDI_TTDI_D_13,"Cultural Resources, 1-7 (best)",IX_1T7,Score 1-7,WEF_TTDI_VAL,Type: Value,WEF_TTDI,Travel & Tourism Development Index (TTDI),0,Units,A,Normal value,PU,Public,1.3664356590733495,1.353336362293592,1.439694003121653
A,Annual,HIC,High income,WEF_TTDI_TTDI_D_13,"Cultural Resources, 1-7 (best)",IX_1T7,Score 1-7,WEF_TTDI_SCR,Type: Score,WEF_TTDI,Travel & Tourism Development Index (TTDI),0,Units,A,Normal value,PU,Public,2.645230838225884,2.720751166861263,2.838960712960904
A,Annual,HIC,High income,WEF_TTDI_TTDI_D_13,"Cultural Resources, 1-7 (best)",IX_1T7,Score 1-7,WEF_TTDI_VAL,Type: Value,WEF_TTDI,Travel & Tourism Development Index (TTDI),0,Units,A,Normal value,PU,Public,2.645230838225884,2.720751166861263,2.838960712960904
A,Annual,HND,Honduras,WEF_TTDI_TTDI_D_13,"Cultural Resources, 1-7 (best)",IX_1T7,Score 1-7,WEF_TTDI_RNK,Type: Rank,WEF_TTDI,Travel & Tourism Development Index (TTDI),0,Units,A,Normal value,PU,Public,104.0,105.0,109.0
A,Annual,HND,Honduras,WEF_TTDI_TTDI_D_13,"Cultural Resources, 1-7 (best)",IX_1T7,Score 1-7,WEF_TTDI_SCR,Type: Score,WEF_TTDI,Travel & Tourism Development Index (TTDI),0,Units,A,Normal value,PU,Public,1.248092200561192,1.241113101776631,1.245974982977135
A,Annual,HND,Honduras,WEF_TTDI_TTDI_D_13,"Cultural Resources, 1-7 (best)",IX_1T7,Score 1-7,WEF_TTDI_VAL,Type: Value,WEF_TTDI,Travel & Tourism Development Index (TTDI),0,Units,A,Normal value,PU,Public,1.248092200561192,1.241113101776631,1.245974982977135
A,Annual,HRV,Croatia,WEF_TTDI_TTDI_D_13,"Cultural Resources, 1-7 (best)",IX_1T7,Score 1-7,WEF_TTDI_RNK,Type: Rank,WEF_TTDI,Travel & Tourism Development Index (TTDI),0,Units,A,Normal value,PU,Public,32.0,34.0,39.0
A,Annual,HRV,Croatia,WEF_TTDI_TTDI_D_13,"Cultural Resources, 1-7 (best)",IX_1T7,Score 1-7,WEF_TTDI_SCR,Type: Score,WEF_TTDI,Travel & Tourism Development Index (TTDI),0,Units,A,Normal value,PU,Public,2.348219464843223,2.2863949072512124,2.245164347620893
A,Annual,HRV,Croatia,WEF_TTDI_TTDI_D_13,"Cultural Resources, 1-7 (best)",IX_1T7,Score 1-7,WEF_TTDI_VAL,Type: Value,WEF_TTDI,Travel & Tourism Development Index (TTDI),0,Units,A,Normal value,PU,Public,2.348219464843223,2.2863949072512124,2.245164347620893
A,Annual,HUN,Hungary,WEF_TTDI_TTDI_D_13,"Cultural Resources, 1-7 (best)",IX_1T7,Score 1-7,WEF_TTDI_RNK,Type: Rank,WEF_TTDI,Travel & Tourism Development Index (TTDI),0,Units,A,Normal value,PU,Public,46.0,43.0,41.0
A,Annual,HUN,Hungary,WEF_TTDI_TTDI_D_13,"Cultural Resources, 1-7 (best)",IX_1T7,Score 1-7,WEF_TTDI_SCR,Type: Score,WEF_TTDI,Travel & Tourism Development Index (TTDI),0,Units,A,Normal value,PU,Public,1.9478584747958192,2.1109565353614954,2.2007810659954874
A,Annual,HUN,Hungary,WEF_TTDI_TTDI_D_13,"Cultural Resources, 1-7 (best)",IX_1T7,Score 1-7,WEF_TTDI_VAL,Type: Value,WEF_TTDI,Travel & Tourism Development Index (TTDI),0,Units,A,Normal value,PU,Public,1.9478584747958192,2.1109565353614954,2.2007810659954874
A,Annual,IDN,Indonesia,WEF_TTDI_TTDI_D_13,"Cultural Resources, 1-7 (best)",IX_1T7,Score 1-7,WEF_TTDI_RNK,Type: Rank,WEF_TTDI,Travel & Tourism Development Index (TTDI),0,Units,A,Normal value,PU,Public,15.0,15.0,15.0
A,Annual,IDN,Indonesia,WEF_TTDI_TTDI_D_13,"Cultural Resources, 1-7 (best)",IX_1T7,Score 1-7,WEF_TTDI_SCR,Type: Score,WEF_TTDI,Travel & Tourism Development Index (TTDI),0,Units,A,Normal value,PU,Public,3.427270082700222,3.731103102529216,3.98213266895253
A,Annual,IDN,Indonesia,WEF_TTDI_TTDI_D_13,"Cultural Resources, 1-7 (best)",IX_1T7,Score 1-7,WEF_TTDI_VAL,Type: Value,WEF_TTDI,Travel & Tourism Development Index (TTDI),0,Units,A,Normal value,PU,Public,3.427270082700222,3.731103102529216,3.98213266895253
A,Annual,IND,India,WEF_TTDI_TTDI_D_13,"Cultural Resources, 1-7 (best)",IX_1T7,Score 1-7,WEF_TTDI_RNK,Type: Rank,WEF_TTDI,Travel & Tourism Development Index (TTDI),0,Units,A,Normal value,PU,Public,10.0,10.0,9.0
A,Annual,IND,India,WEF_TTDI_TTDI_D_13,"Cultural Resources, 1-7 (best)",IX_1T7,Score 1-7,WEF_TTDI_SCR,Type: Score,WEF_TTDI,Travel & Tourism Development Index (TTDI),0,Units,A,Normal value,PU,Public,5.378129951091462,5.371297933552357,5.624422560441009
A,Annual,IND,India,WEF_TTDI_TTDI_D_13,"Cultural Resources, 1-7 (best)",IX_1T7,Score 1-7,WEF_TTDI_VAL,Type: Value,WEF_TTDI,Travel & Tourism Development Index (TTDI),0,Units,A,Normal value,PU,Public,5.378129951091462,5.371297933552357,5.624422560441009
A,Annual,IRL,Ireland,WEF_TTDI_TTDI_D_13,"Cultural Resources, 1-7 (best)",IX_1T7,Score 1-7,WEF_TTDI_RNK,Type: Rank,WEF_TTDI,Travel & Tourism Development Index (TTDI),0,Units,A,Normal value,PU,Public,26.0,32.0,33.0
A,Annual,IRL,Ireland,WEF_TTDI_TTDI_D_13,"Cultural Resources, 1-7 (best)",IX_1T7,Score 1-7,WEF_TTDI_SCR,Type: Score,WEF_TTDI,Travel & Tourism Development Index (TTDI),0,Units,A,Normal value,PU,Public,2.541201459651784,2.456120769423533,2.483598685913853
A,Annual,IRL,Ireland,WEF_TTDI_TTDI_D_13,"Cultural Resources, 1-7 (best)",IX_1T7,Score 1-7,WEF_TTDI_VAL,Type: Value,WEF_TTDI,Travel & Tourism Development Index (TTDI),0,Units,A,Normal value,PU,Public,2.541201459651784,2.456120769423533,2.483598685913853
A,Annual,IRN,"Iran, Islamic Rep.",WEF_TTDI_TTDI_D_13,"Cultural Resources, 1-7 (best)",IX_1T7,Score 1-7,WEF_TTDI_RNK,Type: Rank,WEF_TTDI,Travel & Tourism Development Index (TTDI),0,Units,A,Normal value,PU,Public,19.0,17.0,18.0
A,Annual,IRN,"Iran, Islamic Rep.",WEF_TTDI_TTDI_D_13,"Cultural Resources, 1-7 (best)",IX_1T7,Score 1-7,WEF_TTDI_SCR,Type: Score,WEF_TTDI,Travel & Tourism Development Index (TTDI),0,Units,A,Normal value,PU,Public,3.0601004445652533,3.54137251496648,3.757289342184191
A,Annual,IRN,"Iran, Islamic Rep.",WEF_TTDI_TTDI_D_13,"Cultural Resources, 1-7 (best)",IX_1T7,Score 1-7,WEF_TTDI_VAL,Type: Value,WEF_TTDI,Travel & Tourism Development Index (TTDI),0,Units,A,Normal value,PU,Public,3.0601004445652533,3.54137251496648,3.757289342184191
A,Annual,ISL,Iceland,WEF_TTDI_TTDI_D_13,"Cultural Resources, 1-7 (best)",IX_1T7,Score 1-7,WEF_TTDI_RNK,Type: Rank,WEF_TTDI,Travel & Tourism Development Index (TTDI),0,Units,A,Normal value,PU,Public,61.0,71.0,83.0
A,Annual,ISL,Iceland,WEF_TTDI_TTDI_D_13,"Cultural Resources, 1-7 (best)",IX_1T7,Score 1-7,WEF_TTDI_SCR,Type: Score,WEF_TTDI,Travel & Tourism Development Index (TTDI),0,Units,A,Normal value,PU,Public,1.6544886184586671,1.5821756931996362,1.5596597095937264
A,Annual,ISL,Iceland,WEF_TTDI_TTDI_D_13,"Cultural Resources, 1-7 (best)",IX_1T7,Score 1-7,WEF_TTDI_VAL,Type: Value,WEF_TTDI,Travel & Tourism Development Index (TTDI),0,Units,A,Normal value,PU,Public,1.6544886184586671,1.5821756931996362,1.5596597095937264
A,Annual,ISR,Israel,WEF_TTDI_TTDI_D_13,"Cultural Resources, 1-7 (best)",IX_1T7,Score 1-7,WEF_TTDI_RNK,Type: Rank,WEF_TTDI,Travel & Tourism Development Index (TTDI),0,Units,A,Normal value,PU,Public,52.0,58.0,65.0
A,Annual,ISR,Israel,WEF_TTDI_TTDI_D_13,"Cultural Resources, 1-7 (best)",IX_1T7,Score 1-7,WEF_TTDI_SCR,Type: Score,WEF_TTDI,Travel & Tourism Development Index (TTDI),0,Units,A,Normal value,PU,Public,1.8292608561514807,1.7602676465002505,1.7553029264004183
A,Annual,ISR,Israel,WEF_TTDI_TTDI_D_13,"Cultural Resources, 1-7 (best)",IX_1T7,Score 1-7,WEF_TTDI_VAL,Type: Value,WEF_TTDI,Travel & Tourism Development Index (TTDI),0,Units,A,Normal value,PU,Public,1.8292608561514807,1.7602676465002505,1.7553029264004183
A,Annual,ITA,Italy,WEF_TTDI_TTDI_D_13,"Cultural Resources, 1-7 (best)",IX_1T7,Score 1-7,WEF_TTDI_RNK,Type: Rank,WEF_TTDI,Travel & Tourism Development Index (TTDI),0,Units,A,Normal value,PU,Public,3.0,1.0,1.0
A,Annual,ITA,Italy,WEF_TTDI_TTDI_D_13,"Cultural Resources, 1-7 (best)",IX_1T7,Score 1-7,WEF_TTDI_SCR,Type: Score,WEF_TTDI,Travel & Tourism Development Index (TTDI),0,Units,A,Normal value,PU,Public,6.45,6.7,6.738859293391869
A,Annual,ITA,Italy,WEF_TTDI_TTDI_D_13,"Cultural Resources, 1-7 (best)",IX_1T7,Score 1-7,WEF_TTDI_VAL,Type: Value,WEF_TTDI,Travel & Tourism Development Index (TTDI),0,Units,A,Normal value,PU,Public,6.45,6.7,6.738859293391869
A,Annual,JAM,Jamaica,WEF_TTDI_TTDI_D_13,"Cultural Resources, 1-7 (best)",IX_1T7,Score 1-7,WEF_TTDI_RNK,Type: Rank,WEF_TTDI,Travel & Tourism Development Index (TTDI),0,Units,A,Normal value,PU,Public,77.0,84.0,88.0
A,Annual,JAM,Jamaica,WEF_TTDI_TTDI_D_13,"Cultural Resources, 1-7 (best)",IX_1T7,Score 1-7,WEF_TTDI_SCR,Type: Score,WEF_TTDI,Travel & Tourism Development Index (TTDI),0,Units,A,Normal value,PU,Public,1.476957876688218,1.4767070344088076,1.477202473133453
A,Annual,JAM,Jamaica,WEF_TTDI_TTDI_D_13,"Cultural Resources, 1-7 (best)",IX_1T7,Score 1-7,WEF_TTDI_VAL,Type: Value,WEF_TTDI,Travel & Tourism Development Index (TTDI),0,Units,A,Normal value,PU,Public,1.476957876688218,1.4767070344088076,1.477202473133453
A,Annual,JOR,Jordan,WEF_TTDI_TTDI_D_13,"Cultural Resources, 1-7 (best)",IX_1T7,Score 1-7,WEF_TTDI_RNK,Type: Rank,WEF_TTDI,Travel & Tourism Development Index (TTDI),0,Units,A,Normal value,PU,Public,78.0,77.0,72.0
A,Annual,JOR,Jordan,WEF_TTDI_TTDI_D_13,"Cultural Resources, 1-7 (best)",IX_1T7,Score 1-7,WEF_TTDI_SCR,Type: Score,WEF_TTDI,Travel & Tourism Development Index (TTDI),0,Units,A,Normal value,PU,Public,1.4762034922734075,1.5332093400040274,1.6483162408698413
A,Annual,JOR,Jordan,WEF_TTDI_TTDI_D_13,"Cultural Resources, 1-7 (best)",IX_1T7,Score 1-7,WEF_TTDI_VAL,Type: Value,WEF_TTDI,Travel & Tourism Development Index (TTDI),0,Units,A,Normal value,PU,Public,1.4762034922734075,1.5332093400040274,1.6483162408698413
A,Annual,JPN,Japan,WEF_TTDI_TTDI_D_13,"Cultural Resources, 1-7 (best)",IX_1T7,Score 1-7,WEF_TTDI_RNK,Type: Rank,WEF_TTDI,Travel & Tourism Development Index (TTDI),0,Units,A,Normal value,PU,Public,2.0,4.0,2.0
A,Annual,JPN,Japan,WEF_TTDI_TTDI_D_13,"Cultural Resources, 1-7 (best)",IX_1T7,Score 1-7,WEF_TTDI_SCR,Type: Score,WEF_TTDI,Travel & Tourism Development Index (TTDI),0,Units,A,Normal value,PU,Public,6.533333333333333,6.620958176799197,6.705515916130556
A,Annual,JPN,Japan,WEF_TTDI_TTDI_D_13,"Cultural Resources, 1-7 (best)",IX_1T7,Score 1-7,WEF_TTDI_VAL,Type: Value,WEF_TTDI,Travel & Tourism Development Index (TTDI),0,Units,A,Normal value,PU,Public,6.533333333333333,6.620958176799197,6.705515916130556
A,Annual,KAZ,Kazakhstan,WEF_TTDI_TTDI_D_13,"Cultural Resources, 1-7 (best)",IX_1T7,Score 1-7,WEF_TTDI_RNK,Type: Rank,WEF_TTDI,Travel & Tourism Development Index (TTDI),0,Units,A,Normal value,PU,Public,47.0,48.0,48.0
A,Annual,KAZ,Kazakhstan,WEF_TTDI_TTDI_D_13,"Cultural Resources, 1-7 (best)",IX_1T7,Score 1-7,WEF_TTDI_SCR,Type: Score,WEF_TTDI,Travel & Tourism Development Index (TTDI),0,Units,A,Normal value,PU,Public,1.9222896208508489,1.9714014930091923,2.0730017760081787
A,Annual,KAZ,Kazakhstan,WEF_TTDI_TTDI_D_13,"Cultural Resources, 1-7 (best)",IX_1T7,Score 1-7,WEF_TTDI_VAL,Type: Value,WEF_TTDI,Travel & Tourism Development Index (TTDI),0,Units,A,Normal value,PU,Public,1.9222896208508489,1.9714014930091923,2.0730017760081787
A,Annual,KEN,Kenya,WEF_TTDI_TTDI_D_13,"Cultural Resources, 1-7 (best)",IX_1T7,Score 1-7,WEF_TTDI_RNK,Type: Rank,WEF_TTDI,Travel & Tourism Development Index (TTDI),0,Units,A,Normal value,PU,Public,87.0,90.0,71.0
A,Annual,KEN,Kenya,WEF_TTDI_TTDI_D_13,"Cultural Resources, 1-7 (best)",IX_1T7,Score 1-7,WEF_TTDI_SCR,Type: Score,WEF_TTDI,Travel & Tourism Development Index (TTDI),0,Units,A,Normal value,PU,Public,1.406521090571634,1.439189466200779,1.6585014227169284
A,Annual,KEN,Kenya,WEF_TTDI_TTDI_D_13,"Cultural Resources, 1-7 (best)",IX_1T7,Score 1-7,WEF_TTDI_VAL,Type: Value,WEF_TTDI,Travel & Tourism Development Index (TTDI),0,Units,A,Normal value,PU,Public,1.406521090571634,1.439189466200779,1.6585014227169284
A,Annual,KGZ,Kyrgyz Republic,WEF_TTDI_TTDI_D_13,"Cultural Resources, 1-7 (best)",IX_1T7,Score 1-7,WEF_TTDI_RNK,Type: Rank,WEF_TTDI,Travel & Tourism Development Index (TTDI),0,Units,A,Normal value,PU,Public,83.0,75.0,69.0
A,Annual,KGZ,Kyrgyz Republic,WEF_TTDI_TTDI_D_13,"Cultural Resources, 1-7 (best)",IX_1T7,Score 1-7,WEF_TTDI_SCR,Type: Score,WEF_TTDI,Travel & Tourism Development Index (TTDI),0,Units,A,Normal value,PU,Public,1.4568888922231822,1.5571772229201983,1.706812270110518
A,Annual,KGZ,Kyrgyz Republic,WEF_TTDI_TTDI_D_13,"Cultural Resources, 1-7 (best)",IX_1T7,Score 1-7,WEF_TTDI_VAL,Type: Value,WEF_TTDI,Travel & Tourism Development Index (TTDI),0,Units,A,Normal value,PU,Public,1.4568888922231822,1.5571772229201983,1.706812270110518
A,Annual,KHM,Cambodia,WEF_TTDI_TTDI_D_13,"Cultural Resources, 1-7 (best)",IX_1T7,Score 1-7,WEF_TTDI_RNK,Type: Rank,WEF_TTDI,Travel & Tourism Development Index (TTDI),0,Units,A,Normal value,PU,Public,70.0,74.0,79.0
A,Annual,KHM,Cambodia,WEF_TTDI_TTDI_D_13,"Cultural Resources, 1-7 (best)",IX_1T7,Score 1-7,WEF_TTDI_SCR,Type: Score,WEF_TTDI,Travel & Tourism Development Index (TTDI),0,Units,A,Normal value,PU,Public,1.543256287425356,1.5572659649129637,1.602399212353668
A,Annual,KHM,Cambodia,WEF_TTDI_TTDI_D_13,"Cultural Resources, 1-7 (best)",IX_1T7,Score 1-7,WEF_TTDI_VAL,Type: Value,WEF_TTDI,Travel & Tourism Development Index (TTDI),0,Units,A,Normal value,PU,Public,1.543256287425356,1.5572659649129637,1.602399212353668
A,Annual,KOR,"Korea, Rep.",WEF_TTDI_TTDI_D_13,"Cultural Resources, 1-7 (best)",IX_1T7,Score 1-7,WEF_TTDI_RNK,Type: Rank,WEF_TTDI,Travel & Tourism Development Index (TTDI),0,Units,A,Normal value,PU,Public,11.0,8.0,10.0
A,Annual,KOR,"Korea, Rep.",WEF_TTDI_TTDI_D_13,"Cultural Resources, 1-7 (best)",IX_1T7,Score 1-7,WEF_TTDI_SCR,Type: Score,WEF_TTDI,Travel & Tourism Development Index (TTDI),0,Units,A,Normal value,PU,Public,5.16949854721586,5.832753782644975,5.588243773372218
A,Annual,KOR,"Korea, Rep.",WEF_TTDI_TTDI_D_13,"Cultural Resources, 1-7 (best)",IX_1T7,Score 1-7,WEF_TTDI_VAL,Type: Value,WEF_TTDI,Travel & Tourism Development Index (TTDI),0,Units,A,Normal value,PU,Public,5.16949854721586,5.832753782644975,5.588243773372218
A,Annual,KWT,Kuwait,WEF_TTDI_TTDI_D_13,"Cultural Resources, 1-7 (best)",IX_1T7,Score 1-7,WEF_TTDI_RNK,Type: Rank,WEF_TTDI,Travel & Tourism Development Index (TTDI),0,Units,A,Normal value,PU,Public,114.0,108.0,102.0
A,Annual,KWT,Kuwait,WEF_TTDI_TTDI_D_13,"Cultural Resources, 1-7 (best)",IX_1T7,Score 1-7,WEF_TTDI_SCR,Type: Score,WEF_TTDI,Travel & Tourism Development Index (TTDI),0,Units,A,Normal value,PU,Public,1.1453700373314704,1.2228987166394052,1.3270287036047257
A,Annual,KWT,Kuwait,WEF_TTDI_TTDI_D_13,"Cultural Resources, 1-7 (best)",IX_1T7,Score 1-7,WEF_TTDI_VAL,Type: Value,WEF_TTDI,Travel & Tourism Development Index (TTDI),0,Units,A,Normal value,PU,Public,1.1453700373314704,1.2228987166394052,1.3270287036047257
A,Annual,LAO,Lao PDR,WEF_TTDI_TTDI_D_13,"Cultural Resources, 1-7 (best)",IX_1T7,Score 1-7,WEF_TTDI_RNK,Type: Rank,WEF_TTDI,Travel & Tourism Development Index (TTDI),0,Units,A,Normal value,PU,Public,101.0,102.0,106.0
A,Annual,LAO,Lao PDR,WEF_TTDI_TTDI_D_13,"Cultural Resources, 1-7 (best)",IX_1T7,Score 1-7,WEF_TTDI_SCR,Type: Score,WEF_TTDI,Travel & Tourism Development Index (TTDI),0,Units,A,Normal value,PU,Public,1.2709386558312386,1.2813015920988564,1.2722819660805398
A,Annual,LAO,Lao PDR,WEF_TTDI_TTDI_D_13,"Cultural Resources, 1-7 (best)",IX_1T7,Score 1-7,WEF_TTDI_VAL,Type: Value,WEF_TTDI,Travel & Tourism Development Index (TTDI),0,Units,A,Normal value,PU,Public,1.2709386558312386,1.2813015920988564,1.2722819660805398
A,Annual,LBN,Lebanon,WEF_TTDI_TTDI_D_13,"Cultural Resources, 1-7 (best)",IX_1T7,Score 1-7,WEF_TTDI_RNK,Type: Rank,WEF_TTDI,Travel & Tourism Development Index (TTDI),0,Units,A,Normal value,PU,Public,84.0,63.0,64.0
A,Annual,LBN,Lebanon,WEF_TTDI_TTDI_D_13,"Cultural Resources, 1-7 (best)",IX_1T7,Score 1-7,WEF_TTDI_SCR,Type: Score,WEF_TTDI,Travel & Tourism Development Index (TTDI),0,Units,A,Normal value,PU,Public,1.4568404410128553,1.6885097474912556,1.7747970751850464
A,Annual,LBN,Lebanon,WEF_TTDI_TTDI_D_13,"Cultural Resources, 1-7 (best)",IX_1T7,Score 1-7,WEF_TTDI_VAL,Type: Value,WEF_TTDI,Travel & Tourism Development Index (TTDI),0,Units,A,Normal value,PU,Public,1.4568404410128553,1.6885097474912556,1.7747970751850464
A,Annual,LIC,Low income,WEF_TTDI_TTDI_D_13,"Cultural Resources, 1-7 (best)",IX_1T7,Score 1-7,WEF_TTDI_SCR,Type: Score,WEF_TTDI,Travel & Tourism Development Index (TTDI),0,Units,A,Normal value,PU,Public,1.262827823349001,1.2671471383124158,1.2864117879204948
A,Annual,LIC,Low income,WEF_TTDI_TTDI_D_13,"Cultural Resources, 1-7 (best)",IX_1T7,Score 1-7,WEF_TTDI_VAL,Type: Value,WEF_TTDI,Travel & Tourism Development Index (TTDI),0,Units,A,Normal value,PU,Public,1.262827823349001,1.2671471383124158,1.2864117879204948
A,Annual,LKA,Sri Lanka,WEF_TTDI_TTDI_D_13,"Cultural Resources, 1-7 (best)",IX_1T7,Score 1-7,WEF_TTDI_RNK,Type: Rank,WEF_TTDI,Travel & Tourism Development Index (TTDI),0,Units,A,Normal value,PU,Public,76.0,91.0,94.0
A,Annual,LKA,Sri Lanka,WEF_TTDI_TTDI_D_13,"Cultural Resources, 1-7 (best)",IX_1T7,Score 1-7,WEF_TTDI_SCR,Type: Score,WEF_TTDI,Travel & Tourism Development Index (TTDI),0,Units,A,Normal value,PU,Public,1.4940095237137598,1.4354042825483384,1.4439351285185855
A,Annual,LKA,Sri Lanka,WEF_TTDI_TTDI_D_13,"Cultural Resources, 1-7 (best)",IX_1T7,Score 1-7,WEF_TTDI_VAL,Type: Value,WEF_TTDI,Travel & Tourism Development Index (TTDI),0,Units,A,Normal value,PU,Public,1.4940095237137598,1.4354042825483384,1.4439351285185855
A,Annual,LMC,Lower middle income,WEF_TTDI_TTDI_D_13,"Cultural Resources, 1-7 (best)",IX_1T7,Score 1-7,WEF_TTDI_SCR,Type: Score,WEF_TTDI,Travel & Tourism Development Index (TTDI),0,Units,A,Normal value,PU,Public,1.7543129707127647,1.8206251399234108,1.8982333781031224
A,Annual,LMC,Lower middle income,WEF_TTDI_TTDI_D_13,"Cultural Resources, 1-7 (best)",IX_1T7,Score 1-7,WEF_TTDI_VAL,Type: Value,WEF_TTDI,Travel & Tourism Development Index (TTDI),0,Units,A,Normal value,PU,Public,1.7543129707127647,1.8206251399234108,1.8982333781031224
A,Annual,LTU,Lithuania,WEF_TTDI_TTDI_D_13,"Cultural Resources, 1-7 (best)",IX_1T7,Score 1-7,WEF_TTDI_RNK,Type: Rank,WEF_TTDI,Travel & Tourism Development Index (TTDI),0,Units,A,Normal value,PU,Public,80.0,85.0,70.0
A,Annual,LTU,Lithuania,WEF_TTDI_TTDI_D_13,"Cultural Resources, 1-7 (best)",IX_1T7,Score 1-7,WEF_TTDI_SCR,Type: Score,WEF_TTDI,Travel & Tourism Development Index (TTDI),0,Units,A,Normal value,PU,Public,1.4652628459653774,1.474446435244558,1.6618205451506862
A,Annual,LTU,Lithuania,WEF_TTDI_TTDI_D_13,"Cultural Resources, 1-7 (best)",IX_1T7,Score 1-7,WEF_TTDI_VAL,Type: Value,WEF_TTDI,Travel & Tourism Development Index (TTDI),0,Units,A,Normal value,PU,Public,1.4652628459653774,1.474446435244558,1.6618205451506862
A,Annual,LUX,Luxembourg,WEF_TTDI_TTDI_D_13,"Cultural Resources, 1-7 (best)",IX_1T7,Score 1-7,WEF_TTDI_RNK,Type: Rank,WEF_TTDI,Travel & Tourism Development Index (TTDI),0,Units,A,Normal value,PU,Public,93.0,99.0,101.0
A,Annual,LUX,Luxembourg,WEF_TTDI_TTDI_D_13,"Cultural Resources, 1-7 (best)",IX_1T7,Score 1-7,WEF_TTDI_SCR,Type: Score,WEF_TTDI,Travel & Tourism Development Index (TTDI),0,Units,A,Normal value,PU,Public,1.3546719038865134,1.3011730334661342,1.3414901694377122
A,Annual,LUX,Luxembourg,WEF_TTDI_TTDI_D_13,"Cultural Resources, 1-7 (best)",IX_1T7,Score 1-7,WEF_TTDI_VAL,Type: Value,WEF_TTDI,Travel & Tourism Development Index (TTDI),0,Units,A,Normal value,PU,Public,1.3546719038865134,1.3011730334661342,1.3414901694377122
A,Annual,LVA,Latvia,WEF_TTDI_TTDI_D_13,"Cultural Resources, 1-7 (best)",IX_1T7,Score 1-7,WEF_TTDI_RNK,Type: Rank,WEF_TTDI,Travel & Tourism Development Index (TTDI),0,Units,A,Normal value,PU,Public,113.0,114.0,107.0
A,Annual,LVA,Latvia,WEF_TTDI_TTDI_D_13,"Cultural Resources, 1-7 (best)",IX_1T7,Score 1-7,WEF_TTDI_SCR,Type: Score,WEF_TTDI,Travel & Tourism Development Index (TTDI),0,Units,A,Normal value,PU,Public,1.1833002884050892,1.1761075997315733,1.252650727845572
A,Annual,LVA,Latvia,WEF_TTDI_TTDI_D_13,"Cultural Resources, 1-7 (best)",IX_1T7,Score 1-7,WEF_TTDI_VAL,Type: Value,WEF_TTDI,Travel & Tourism Development Index (TTDI),0,Units,A,Normal value,PU,Public,1.1833002884050892,1.1761075997315733,1.252650727845572
A,Annual,MAR,Morocco,WEF_TTDI_TTDI_D_13,"Cultural Resources, 1-7 (best)",IX_1T7,Score 1-7,WEF_TTDI_RNK,Type: Rank,WEF_TTDI,Travel & Tourism Development Index (TTDI),0,Units,A,Normal value,PU,Public,29.0,29.0,29.0
A,Annual,MAR,Morocco,WEF_TTDI_TTDI_D_13,"Cultural Resources, 1-7 (best)",IX_1T7,Score 1-7,WEF_TTDI_SCR,Type: Score,WEF_TTDI,Travel & Tourism Development Index (TTDI),0,Units,A,Normal value,PU,Public,2.3928547785538186,2.629901518522927,2.7543863270575395
A,Annual,MAR,Morocco,WEF_TTDI_TTDI_D_13,"Cultural Resources, 1-7 (best)",IX_1T7,Score 1-7,WEF_TTDI_VAL,Type: Value,WEF_TTDI,Travel & Tourism Development Index (TTDI),0,Units,A,Normal value,PU,Public,2.3928547785538186,2.629901518522927,2.7543863270575395
A,Annual,MDA,Moldova,WEF_TTDI_TTDI_D_13,"Cultural Resources, 1-7 (best)",IX_1T7,Score 1-7,WEF_TTDI_RNK,Type: Rank,WEF_TTDI,Travel & Tourism Development Index (TTDI),0,Units,A,Normal value,PU,Public,111.0,111.0,108.0
A,Annual,MDA,Moldova,WEF_TTDI_TTDI_D_13,"Cultural Resources, 1-7 (best)",IX_1T7,Score 1-7,WEF_TTDI_SCR,Type: Score,WEF_TTDI,Travel & Tourism Development Index (TTDI),0,Units,A,Normal value,PU,Public,1.1989034400240568,1.195457022366721,1.2504186152342378
A,Annual,MDA,Moldova,WEF_TTDI_TTDI_D_13,"Cultural Resources, 1-7 (best)",IX_1T7,Score 1-7,WEF_TTDI_VAL,Type: Value,WEF_TTDI,Travel & Tourism Development Index (TTDI),0,Units,A,Normal value,PU,Public,1.1989034400240568,1.195457022366721,1.2504186152342378
A,Annual,MEX,Mexico,WEF_TTDI_TTDI_D_13,"Cultural Resources, 1-7 (best)",IX_1T7,Score 1-7,WEF_TTDI_RNK,Type: Rank,WEF_TTDI,Travel & Tourism Development Index (TTDI),0,Units,A,Normal value,PU,Public,7.0,5.0,5.0
A,Annual,MEX,Mexico,WEF_TTDI_TTDI_D_13,"Cultural Resources, 1-7 (best)",IX_1T7,Score 1-7,WEF_TTDI_SCR,Type: Score,WEF_TTDI,Travel & Tourism Development Index (TTDI),0,Units,A,Normal value,PU,Public,5.8,6.183333333333333,6.35
A,Annual,MEX,Mexico,WEF_TTDI_TTDI_D_13,"Cultural Resources, 1-7 (best)",IX_1T7,Score 1-7,WEF_TTDI_VAL,Type: Value,WEF_TTDI,Travel & Tourism Development Index (TTDI),0,Units,A,Normal value,PU,Public,5.8,6.183333333333333,6.35
A,Annual,MKD,North Macedonia,WEF_TTDI_TTDI_D_13,"Cultural Resources, 1-7 (best)",IX_1T7,Score 1-7,WEF_TTDI_RNK,Type: Rank,WEF_TTDI,Travel & Tourism Development Index (TTDI),0,Units,A,Normal value,PU,Public,72.0,76.0,85.0
A,Annual,MKD,North Macedonia,WEF_TTDI_TTDI_D_13,"Cultural Resources, 1-7 (best)",IX_1T7,Score 1-7,WEF_TTDI_SCR,Type: Score,WEF_TTDI,Travel & Tourism Development Index (TTDI),0,Units,A,Normal value,PU,Public,1.523061959283647,1.536796359287678,1.532849283783492
A,Annual,MKD,North Macedonia,WEF_TTDI_TTDI_D_13,"Cultural Resources, 1-7 (best)",IX_1T7,Score 1-7,WEF_TTDI_VAL,Type: Value,WEF_TTDI,Travel & Tourism Development Index (TTDI),0,Units,A,Normal value,PU,Public,1.523061959283647,1.536796359287678,1.532849283783492
A,Annual,MLI,Mali,WEF_TTDI_TTDI_D_13,"Cultural Resources, 1-7 (best)",IX_1T7,Score 1-7,WEF_TTDI_RNK,Type: Rank,WEF_TTDI,Travel & Tourism Development Index (TTDI),0,Units,A,Normal value,PU,Public,67.0,73.0,77.0
A,Annual,MLI,Mali,WEF_TTDI_TTDI_D_13,"Cultural Resources, 1-7 (best)",IX_1T7,Score 1-7,WEF_TTDI_SCR,Type: Score,WEF_TTDI,Travel & Tourism Development Index (TTDI),0,Units,A,Normal value,PU,Public,1.5886929413783777,1.5588728191543524,1.611116384466006
A,Annual,MLI,Mali,WEF_TTDI_TTDI_D_13,"Cultural Resources, 1-7 (best)",IX_1T7,Score 1-7,WEF_TTDI_VAL,Type: Value,WEF_TTDI,Travel & Tourism Development Index (TTDI),0,Units,A,Normal value,PU,Public,1.5886929413783777,1.5588728191543524,1.611116384466006
A,Annual,MLT,Malta,WEF_TTDI_TTDI_D_13,"Cultural Resources, 1-7 (best)",IX_1T7,Score 1-7,WEF_TTDI_RNK,Type: Rank,WEF_TTDI,Travel & Tourism Development Index (TTDI),0,Units,A,Normal value,PU,Public,75.0,82.0,82.0
A,Annual,MLT,Malta,WEF_TTDI_TTDI_D_13,"Cultural Resources, 1-7 (best)",IX_1T7,Score 1-7,WEF_TTDI_SCR,Type: Score,WEF_TTDI,Travel & Tourism Development Index (TTDI),0,Units,A,Normal value,PU,Public,1.495523863383983,1.5046544446063133,1.5764407860848355
A,Annual,MLT,Malta,WEF_TTDI_TTDI_D_13,"Cultural Resources, 1-7 (best)",IX_1T7,Score 1-7,WEF_TTDI_VAL,Type: Value,WEF_TTDI,Travel & Tourism Development Index (TTDI),0,Units,A,Normal value,PU,Public,1.495523863383983,1.5046544446063133,1.5764407860848355
A,Annual,MNE,Montenegro,WEF_TTDI_TTDI_D_13,"Cultural Resources, 1-7 (best)",IX_1T7,Score 1-7,WEF_TTDI_RNK,Type: Rank,WEF_TTDI,Travel & Tourism Development Index (TTDI),0,Units,A,Normal value,PU,Public,115.0,116.0,112.0
A,Annual,MNE,Montenegro,WEF_TTDI_TTDI_D_13,"Cultural Resources, 1-7 (best)",IX_1T7,Score 1-7,WEF_TTDI_SCR,Type: Score,WEF_TTDI,Travel & Tourism Development Index (TTDI),0,Units,A,Normal value,PU,Public,1.1433408020895266,1.1550647483469365,1.2220484083982568
A,Annual,MNE,Montenegro,WEF_TTDI_TTDI_D_13,"Cultural Resources, 1-7 (best)",IX_1T7,Score 1-7,WEF_TTDI_VAL,Type: Value,WEF_TTDI,Travel & Tourism Development Index (TTDI),0,Units,A,Normal value,PU,Public,1.1433408020895266,1.1550647483469365,1.2220484083982568
A,Annual,MNG,Mongolia,WEF_TTDI_TTDI_D_13,"Cultural Resources, 1-7 (best)",IX_1T7,Score 1-7,WEF_TTDI_RNK,Type: Rank,WEF_TTDI,Travel & Tourism Development Index (TTDI),0,Units,A,Normal value,PU,Public,50.0,49.0,55.0
A,Annual,MNG,Mongolia,WEF_TTDI_TTDI_D_13,"Cultural Resources, 1-7 (best)",IX_1T7,Score 1-7,WEF_TTDI_SCR,Type: Score,WEF_TTDI,Travel & Tourism Development Index (TTDI),0,Units,A,Normal value,PU,Public,1.8620562344739329,1.967711951622112,1.9287566314001217
A,Annual,MNG,Mongolia,WEF_TTDI_TTDI_D_13,"Cultural Resources, 1-7 (best)",IX_1T7,Score 1-7,WEF_TTDI_VAL,Type: Value,WEF_TTDI,Travel & Tourism Development Index (TTDI),0,Units,A,Normal value,PU,Public,1.8620562344739329,1.967711951622112,1.9287566314001217
A,Annual,MUS,Mauritius,WEF_TTDI_TTDI_D_13,"Cultural Resources, 1-7 (best)",IX_1T7,Score 1-7,WEF_TTDI_RNK,Type: Rank,WEF_TTDI,Travel & Tourism Development Index (TTDI),0,Units,A,Normal value,PU,Public,97.0,98.0,87.0
A,Annual,MUS,Mauritius,WEF_TTDI_TTDI_D_13,"Cultural Resources, 1-7 (best)",IX_1T7,Score 1-7,WEF_TTDI_SCR,Type: Score,WEF_TTDI,Travel & Tourism Development Index (TTDI),0,Units,A,Normal value,PU,Public,1.2924881016503649,1.3204817232693231,1.479959296818473
A,Annual,MUS,Mauritius,WEF_TTDI_TTDI_D_13,"Cultural Resources, 1-7 (best)",IX_1T7,Score 1-7,WEF_TTDI_VAL,Type: Value,WEF_TTDI,Travel & Tourism Development Index (TTDI),0,Units,A,Normal value,PU,Public,1.2924881016503649,1.3204817232693231,1.479959296818473
A,Annual,MWI,Malawi,WEF_TTDI_TTDI_D_13,"Cultural Resources, 1-7 (best)",IX_1T7,Score 1-7,WEF_TTDI_RNK,Type: Rank,WEF_TTDI,Travel & Tourism Development Index (TTDI),0,Units,A,Normal value,PU,Public,89.0,92.0,96.0
A,Annual,MWI,Malawi,WEF_TTDI_TTDI_D_13,"Cultural Resources, 1-7 (best)",IX_1T7,Score 1-7,WEF_TTDI_SCR,Type: Score,WEF_TTDI,Travel & Tourism Development Index (TTDI),0,Units,A,Normal value,PU,Public,1.3837695863749044,1.4319941441420116,1.4321336036398526
A,Annual,MWI,Malawi,WEF_TTDI_TTDI_D_13,"Cultural Resources, 1-7 (best)",IX_1T7,Score 1-7,WEF_TTDI_VAL,Type: Value,WEF_TTDI,Travel & Tourism Development Index (TTDI),0,Units,A,Normal value,PU,Public,1.3837695863749044,1.4319941441420116,1.4321336036398526
A,Annual,MYS,Malaysia,WEF_TTDI_TTDI_D_13,"Cultural Resources, 1-7 (best)",IX_1T7,Score 1-7,WEF_TTDI_RNK,Type: Rank,WEF_TTDI,Travel & Tourism Development Index (TTDI),0,Units,A,Normal value,PU,Public,36.0,36.0,36.0
A,Annual,MYS,Malaysia,WEF_TTDI_TTDI_D_13,"Cultural Resources, 1-7 (best)",IX_1T7,Score 1-7,WEF_TTDI_SCR,Type: Score,WEF_TTDI,Travel & Tourism Development Index (TTDI),0,Units,A,Normal value,PU,Public,2.166441097133715,2.2543208750690047,2.447696305924338
A,Annual,MYS,Malaysia,WEF_TTDI_TTDI_D_13,"Cultural Resources, 1-7 (best)",IX_1T7,Score 1-7,WEF_TTDI_VAL,Type: Value,WEF_TTDI,Travel & Tourism Development Index (TTDI),0,Units,A,Normal value,PU,Public,2.166441097133715,2.2543208750690047,2.447696305924338
A,Annual,NAM,Namibia,WEF_TTDI_TTDI_D_13,"Cultural Resources, 1-7 (best)",IX_1T7,Score 1-7,WEF_TTDI_RNK,Type: Rank,WEF_TTDI,Travel & Tourism Development Index (TTDI),0,Units,A,Normal value,PU,Public,116.0,112.0,114.0
A,Annual,NAM,Namibia,WEF_TTDI_TTDI_D_13,"Cultural Resources, 1-7 (best)",IX_1T7,Score 1-7,WEF_TTDI_SCR,Type: Score,WEF_TTDI,Travel & Tourism Development Index (TTDI),0,Units,A,Normal value,PU,Public,1.1375849618229992,1.1868206572401885,1.1865665239796184
A,Annual,NAM,Namibia,WEF_TTDI_TTDI_D_13,"Cultural Resources, 1-7 (best)",IX_1T7,Score 1-7,WEF_TTDI_VAL,Type: Value,WEF_TTDI,Travel & Tourism Development Index (TTDI),0,Units,A,Normal value,PU,Public,1.1375849618229992,1.1868206572401885,1.1865665239796184
A,Annual,NGA,Nigeria,WEF_TTDI_TTDI_D_13,"Cultural Resources, 1-7 (best)",IX_1T7,Score 1-7,WEF_TTDI_RNK,Type: Rank,WEF_TTDI,Travel & Tourism Development Index (TTDI),0,Units,A,Normal value,PU,Public,62.0,64.0,60.0
A,Annual,NGA,Nigeria,WEF_TTDI_TTDI_D_13,"Cultural Resources, 1-7 (best)",IX_1T7,Score 1-7,WEF_TTDI_SCR,Type: Score,WEF_TTDI,Travel & Tourism Development Index (TTDI),0,Units,A,Normal value,PU,Public,1.6284289173122262,1.6689018984823996,1.8351970727832687
A,Annual,NGA,Nigeria,WEF_TTDI_TTDI_D_13,"Cultural Resources, 1-7 (best)",IX_1T7,Score 1-7,WEF_TTDI_VAL,Type: Value,WEF_TTDI,Travel & Tourism Development Index (TTDI),0,Units,A,Normal value,PU,Public,1.6284289173122262,1.6689018984823996,1.8351970727832687
A,Annual,NIC,Nicaragua,WEF_TTDI_TTDI_D_13,"Cultural Resources, 1-7 (best)",IX_1T7,Score 1-7,WEF_TTDI_RNK,Type: Rank,WEF_TTDI,Travel & Tourism Development Index (TTDI),0,Units,A,Normal value,PU,Public,103.0,107.0,110.0
A,Annual,NIC,Nicaragua,WEF_TTDI_TTDI_D_13,"Cultural Resources, 1-7 (best)",IX_1T7,Score 1-7,WEF_TTDI_SCR,Type: Score,WEF_TTDI,Travel & Tourism Development Index (TTDI),0,Units,A,Normal value,PU,Public,1.2487398345375391,1.2345602892714125,1.2372532810442554
A,Annual,NIC,Nicaragua,WEF_TTDI_TTDI_D_13,"Cultural Resources, 1-7 (best)",IX_1T7,Score 1-7,WEF_TTDI_VAL,Type: Value,WEF_TTDI,Travel & Tourism Development Index (TTDI),0,Units,A,Normal value,PU,Public,1.2487398345375391,1.2345602892714125,1.2372532810442554
A,Annual,NLD,Netherlands,WEF_TTDI_TTDI_D_13,"Cultural Resources, 1-7 (best)",IX_1T7,Score 1-7,WEF_TTDI_RNK,Type: Rank,WEF_TTDI,Travel & Tourism Development Index (TTDI),0,Units,A,Normal value,PU,Public,30.0,28.0,27.0
A,Annual,NLD,Netherlands,WEF_TTDI_TTDI_D_13,"Cultural Resources, 1-7 (best)",IX_1T7,Score 1-7,WEF_TTDI_SCR,Type: Score,WEF_TTDI,Travel & Tourism Development Index (TTDI),0,Units,A,Normal value,PU,Public,2.372081392152196,2.6535371177785354,2.839904218606192
A,Annual,NLD,Netherlands,WEF_TTDI_TTDI_D_13,"Cultural Resources, 1-7 (best)",IX_1T7,Score 1-7,WEF_TTDI_VAL,Type: Value,WEF_TTDI,Travel & Tourism Development Index (TTDI),0,Units,A,Normal value,PU,Public,2.372081392152196,2.6535371177785354,2.839904218606192
A,Annual,NPL,Nepal,WEF_TTDI_TTDI_D_13,"Cultural Resources, 1-7 (best)",IX_1T7,Score 1-7,WEF_TTDI_RNK,Type: Rank,WEF_TTDI,Travel & Tourism Development Index (TTDI),0,Units,A,Normal value,PU,Public,109.0,113.0,115.0
A,Annual,NPL,Nepal,WEF_TTDI_TTDI_D_13,"Cultural Resources, 1-7 (best)",IX_1T7,Score 1-7,WEF_TTDI_SCR,Type: Score,WEF_TTDI,Travel & Tourism Development Index (TTDI),0,Units,A,Normal value,PU,Public,1.2056998724746155,1.1795056407855258,1.18189149139407
A,Annual,NPL,Nepal,WEF_TTDI_TTDI_D_13,"Cultural Resources, 1-7 (best)",IX_1T7,Score 1-7,WEF_TTDI_VAL,Type: Value,WEF_TTDI,Travel & Tourism Development Index (TTDI),0,Units,A,Normal value,PU,Public,1.2056998724746155,1.1795056407855258,1.18189149139407
A,Annual,NZL,New Zealand,WEF_TTDI_TTDI_D_13,"Cultural Resources, 1-7 (best)",IX_1T7,Score 1-7,WEF_TTDI_RNK,Type: Rank,WEF_TTDI,Travel & Tourism Development Index (TTDI),0,Units,A,Normal value,PU,Public,55.0,53.0,50.0
A,Annual,NZL,New Zealand,WEF_TTDI_TTDI_D_13,"Cultural Resources, 1-7 (best)",IX_1T7,Score 1-7,WEF_TTDI_SCR,Type: Score,WEF_TTDI,Travel & Tourism Development Index (TTDI),0,Units,A,Normal value,PU,Public,1.735539233523862,1.898393104249325,2.0153334826270446
A,Annual,NZL,New Zealand,WEF_TTDI_TTDI_D_13,"Cultural Resources, 1-7 (best)",IX_1T7,Score 1-7,WEF_TTDI_VAL,Type: Value,WEF_TTDI,Travel & Tourism Development Index (TTDI),0,Units,A,Normal value,PU,Public,1.735539233523862,1.898393104249325,2.0153334826270446
A,Annual,OMN,Oman,WEF_TTDI_TTDI_D_13,"Cultural Resources, 1-7 (best)",IX_1T7,Score 1-7,WEF_TTDI_RNK,Type: Rank,WEF_TTDI,Travel & Tourism Development Index (TTDI),0,Units,A,Normal value,PU,Public,44.0,47.0,52.0
A,Annual,OMN,Oman,WEF_TTDI_TTDI_D_13,"Cultural Resources, 1-7 (best)",IX_1T7,Score 1-7,WEF_TTDI_SCR,Type: Score,WEF_TTDI,Travel & Tourism Development Index (TTDI),0,Units,A,Normal value,PU,Public,1.9737755000278272,1.9806483306199945,1.99349849356094
A,Annual,OMN,Oman,WEF_TTDI_TTDI_D_13,"Cultural Resources, 1-7 (best)",IX_1T7,Score 1-7,WEF_TTDI_VAL,Type: Value,WEF_TTDI,Travel & Tourism Development Index (TTDI),0,Units,A,Normal value,PU,Public,1.9737755000278272,1.9806483306199945,1.99349849356094
A,Annual,PAK,Pakistan,WEF_TTDI_TTDI_D_13,"Cultural Resources, 1-7 (best)",IX_1T7,Score 1-7,WEF_TTDI_RNK,Type: Rank,WEF_TTDI,Travel & Tourism Development Index (TTDI),0,Units,A,Normal value,PU,Public,60.0,56.0,53.0
A,Annual,PAK,Pakistan,WEF_TTDI_TTDI_D_13,"Cultural Resources, 1-7 (best)",IX_1T7,Score 1-7,WEF_TTDI_SCR,Type: Score,WEF_TTDI,Travel & Tourism Development Index (TTDI),0,Units,A,Normal value,PU,Public,1.663413640494567,1.856469523338268,1.972700370839195
A,Annual,PAK,Pakistan,WEF_TTDI_TTDI_D_13,"Cultural Resources, 1-7 (best)",IX_1T7,Score 1-7,WEF_TTDI_VAL,Type: Value,WEF_TTDI,Travel & Tourism Development Index (TTDI),0,Units,A,Normal value,PU,Public,1.663413640494567,1.856469523338268,1.972700370839195
A,Annual,PAN,Panama,WEF_TTDI_TTDI_D_13,"Cultural Resources, 1-7 (best)",IX_1T7,Score 1-7,WEF_TTDI_RNK,Type: Rank,WEF_TTDI,Travel & Tourism Development Index (TTDI),0,Units,A,Normal value,PU,Public,65.0,70.0,74.0
A,Annual,PAN,Panama,WEF_TTDI_TTDI_D_13,"Cultural Resources, 1-7 (best)",IX_1T7,Score 1-7,WEF_TTDI_SCR,Type: Score,WEF_TTDI,Travel & Tourism Development Index (TTDI),0,Units,A,Normal value,PU,Public,1.5991709278661397,1.583857651461737,1.6158112272326894
A,Annual,PAN,Panama,WEF_TTDI_TTDI_D_13,"Cultural Resources, 1-7 (best)",IX_1T7,Score 1-7,WEF_TTDI_VAL,Type: Value,WEF_TTDI,Travel & Tourism Development Index (TTDI),0,Units,A,Normal value,PU,Public,1.5991709278661397,1.583857651461737,1.6158112272326894
A,Annual,PER,Peru,WEF_TTDI_TTDI_D_13,"Cultural Resources, 1-7 (best)",IX_1T7,Score 1-7,WEF_TTDI_RNK,Type: Rank,WEF_TTDI,Travel & Tourism Development Index (TTDI),0,Units,A,Normal value,PU,Public,28.0,23.0,23.0
A,Annual,PER,Peru,WEF_TTDI_TTDI_D_13,"Cultural Resources, 1-7 (best)",IX_1T7,Score 1-7,WEF_TTDI_SCR,Type: Score,WEF_TTDI,Travel & Tourism Development Index (TTDI),0,Units,A,Normal value,PU,Public,2.42521438340982,2.797414826685924,3.013627505003184
A,Annual,PER,Peru,WEF_TTDI_TTDI_D_13,"Cultural Resources, 1-7 (best)",IX_1T7,Score 1-7,WEF_TTDI_VAL,Type: Value,WEF_TTDI,Travel & Tourism Development Index (TTDI),0,Units,A,Normal value,PU,Public,2.42521438340982,2.797414826685924,3.013627505003184
A,Annual,PHL,Philippines,WEF_TTDI_TTDI_D_13,"Cultural Resources, 1-7 (best)",IX_1T7,Score 1-7,WEF_TTDI_RNK,Type: Rank,WEF_TTDI,Travel & Tourism Development Index (TTDI),0,Units,A,Normal value,PU,Public,54.0,50.0,51.0
A,Annual,PHL,Philippines,WEF_TTDI_TTDI_D_13,"Cultural Resources, 1-7 (best)",IX_1T7,Score 1-7,WEF_TTDI_SCR,Type: Score,WEF_TTDI,Travel & Tourism Development Index (TTDI),0,Units,A,Normal value,PU,Public,1.7803944263979328,1.9523398002060164,2.007057122753574
A,Annual,PHL,Philippines,WEF_TTDI_TTDI_D_13,"Cultural Resources, 1-7 (best)",IX_1T7,Score 1-7,WEF_TTDI_VAL,Type: Value,WEF_TTDI,Travel & Tourism Development Index (TTDI),0,Units,A,Normal value,PU,Public,1.7803944263979328,1.9523398002060164,2.007057122753574
A,Annual,POL,Poland,WEF_TTDI_TTDI_D_13,"Cultural Resources, 1-7 (best)",IX_1T7,Score 1-7,WEF_TTDI_RNK,Type: Rank,WEF_TTDI,Travel & Tourism Development Index (TTDI),0,Units,A,Normal value,PU,Public,22.0,22.0,19.0
A,Annual,POL,Poland,WEF_TTDI_TTDI_D_13,"Cultural Resources, 1-7 (best)",IX_1T7,Score 1-7,WEF_TTDI_SCR,Type: Score,WEF_TTDI,Travel & Tourism Development Index (TTDI),0,Units,A,Normal value,PU,Public,2.777221445856696,2.9889729800551192,3.303892526546931
A,Annual,POL,Poland,WEF_TTDI_TTDI_D_13,"Cultural Resources, 1-7 (best)",IX_1T7,Score 1-7,WEF_TTDI_VAL,Type: Value,WEF_TTDI,Travel & Tourism Development Index (TTDI),0,Units,A,Normal value,PU,Public,2.777221445856696,2.9889729800551192,3.303892526546931
A,Annual,PRT,Portugal,WEF_TTDI_TTDI_D_13,"Cultural Resources, 1-7 (best)",IX_1T7,Score 1-7,WEF_TTDI_RNK,Type: Rank,WEF_TTDI,Travel & Tourism Development Index (TTDI),0,Units,A,Normal value,PU,Public,14.0,14.0,14.0
A,Annual,PRT,Portugal,WEF_TTDI_TTDI_D_13,"Cultural Resources, 1-7 (best)",IX_1T7,Score 1-7,WEF_TTDI_SCR,Type: Score,WEF_TTDI,Travel & Tourism Development Index (TTDI),0,Units,A,Normal value,PU,Public,3.666882744418296,4.016532742239233,4.416648702625395
A,Annual,PRT,Portugal,WEF_TTDI_TTDI_D_13,"Cultural Resources, 1-7 (best)",IX_1T7,Score 1-7,WEF_TTDI_VAL,Type: Value,WEF_TTDI,Travel & Tourism Development Index (TTDI),0,Units,A,Normal value,PU,Public,3.666882744418296,4.016532742239233,4.416648702625395
A,Annual,PRY,Paraguay,WEF_TTDI_TTDI_D_13,"Cultural Resources, 1-7 (best)",IX_1T7,Score 1-7,WEF_TTDI_RNK,Type: Rank,WEF_TTDI,Travel & Tourism Development Index (TTDI),0,Units,A,Normal value,PU,Public,82.0,89.0,93.0
A,Annual,PRY,Paraguay,WEF_TTDI_TTDI_D_13,"Cultural Resources, 1-7 (best)",IX_1T7,Score 1-7,WEF_TTDI_SCR,Type: Score,WEF_TTDI,Travel & Tourism Development Index (TTDI),0,Units,A,Normal value,PU,Public,1.4586886471437357,1.446555370240266,1.444046928801948
A,Annual,PRY,Paraguay,WEF_TTDI_TTDI_D_13,"Cultural Resources, 1-7 (best)",IX_1T7,Score 1-7,WEF_TTDI_VAL,Type: Value,WEF_TTDI,Travel & Tourism Development Index (TTDI),0,Units,A,Normal value,PU,Public,1.4586886471437357,1.446555370240266,1.444046928801948
A,Annual,QAT,Qatar,WEF_TTDI_TTDI_D_13,"Cultural Resources, 1-7 (best)",IX_1T7,Score 1-7,WEF_TTDI_RNK,Type: Rank,WEF_TTDI,Travel & Tourism Development Index (TTDI),0,Units,A,Normal value,PU,Public,66.0,69.0,57.0
A,Annual,QAT,Qatar,WEF_TTDI_TTDI_D_13,"Cultural Resources, 1-7 (best)",IX_1T7,Score 1-7,WEF_TTDI_SCR,Type: Score,WEF_TTDI,Travel & Tourism Development Index (TTDI),0,Units,A,Normal value,PU,Public,1.5929082150209952,1.594888003747433,1.86464908840052
A,Annual,QAT,Qatar,WEF_TTDI_TTDI_D_13,"Cultural Resources, 1-7 (best)",IX_1T7,Score 1-7,WEF_TTDI_VAL,Type: Value,WEF_TTDI,Travel & Tourism Development Index (TTDI),0,Units,A,Normal value,PU,Public,1.5929082150209952,1.594888003747433,1.86464908840052
A,Annual,ROU,Romania,WEF_TTDI_TTDI_D_13,"Cultural Resources, 1-7 (best)",IX_1T7,Score 1-7,WEF_TTDI_RNK,Type: Rank,WEF_TTDI,Travel & Tourism Development Index (TTDI),0,Units,A,Normal value,PU,Public,49.0,52.0,44.0
A,Annual,ROU,Romania,WEF_TTDI_TTDI_D_13,"Cultural Resources, 1-7 (best)",IX_1T7,Score 1-7,WEF_TTDI_SCR,Type: Score,WEF_TTDI,Travel & Tourism Development Index (TTDI),0,Units,A,Normal value,PU,Public,1.888670743938735,1.9017070673845744,2.171805699946237
A,Annual,ROU,Romania,WEF_TTDI_TTDI_D_13,"Cultural Resources, 1-7 (best)",IX_1T7,Score 1-7,WEF_TTDI_VAL,Type: Value,WEF_TTDI,Travel & Tourism Development Index (TTDI),0,Units,A,Normal value,PU,Public,1.888670743938735,1.9017070673845744,2.171805699946237
A,Annual,RWA,Rwanda,WEF_TTDI_TTDI_D_13,"Cultural Resources, 1-7 (best)",IX_1T7,Score 1-7,WEF_TTDI_RNK,Type: Rank,WEF_TTDI,Travel & Tourism Development Index (TTDI),0,Units,A,Normal value,PU,Public,118.0,118.0,118.0
A,Annual,RWA,Rwanda,WEF_TTDI_TTDI_D_13,"Cultural Resources, 1-7 (best)",IX_1T7,Score 1-7,WEF_TTDI_SCR,Type: Score,WEF_TTDI,Travel & Tourism Development Index (TTDI),0,Units,A,Normal value,PU,Public,1.0687704360566388,1.0700922366487178,1.094786415343426
A,Annual,RWA,Rwanda,WEF_TTDI_TTDI_D_13,"Cultural Resources, 1-7 (best)",IX_1T7,Score 1-7,WEF_TTDI_VAL,Type: Value,WEF_TTDI,Travel & Tourism Development Index (TTDI),0,Units,A,Normal value,PU,Public,1.0687704360566388,1.0700922366487178,1.094786415343426
A,Annual,SAU,Saudi Arabia,WEF_TTDI_TTDI_D_13,"Cultural Resources, 1-7 (best)",IX_1T7,Score 1-7,WEF_TTDI_RNK,Type: Rank,WEF_TTDI,Travel & Tourism Development Index (TTDI),0,Units,A,Normal value,PU,Public,37.0,35.0,32.0
A,Annual,SAU,Saudi Arabia,WEF_TTDI_TTDI_D_13,"Cultural Resources, 1-7 (best)",IX_1T7,Score 1-7,WEF_TTDI_SCR,Type: Score,WEF_TTDI,Travel & Tourism Development Index (TTDI),0,Units,A,Normal value,PU,Public,2.159450862806332,2.258951836452749,2.582138619693477
A,Annual,SAU,Saudi Arabia,WEF_TTDI_TTDI_D_13,"Cultural Resources, 1-7 (best)",IX_1T7,Score 1-7,WEF_TTDI_VAL,Type: Value,WEF_TTDI,Travel & Tourism Development Index (TTDI),0,Units,A,Normal value,PU,Public,2.159450862806332,2.258951836452749,2.582138619693477
A,Annual,SEN,Senegal,WEF_TTDI_TTDI_D_13,"Cultural Resources, 1-7 (best)",IX_1T7,Score 1-7,WEF_TTDI_RNK,Type: Rank,WEF_TTDI,Travel & Tourism Development Index (TTDI),0,Units,A,Normal value,PU,Public,71.0,79.0,81.0
A,Annual,SEN,Senegal,WEF_TTDI_TTDI_D_13,"Cultural Resources, 1-7 (best)",IX_1T7,Score 1-7,WEF_TTDI_SCR,Type: Score,WEF_TTDI,Travel & Tourism Development Index (TTDI),0,Units,A,Normal value,PU,Public,1.5260588295798247,1.521475106571192,1.5771216506846732
A,Annual,SEN,Senegal,WEF_TTDI_TTDI_D_13,"Cultural Resources, 1-7 (best)",IX_1T7,Score 1-7,WEF_TTDI_VAL,Type: Value,WEF_TTDI,Travel & Tourism Development Index (TTDI),0,Units,A,Normal value,PU,Public,1.5260588295798247,1.521475106571192,1.5771216506846732
A,Annual,SGP,Singapore,WEF_TTDI_TTDI_D_13,"Cultural Resources, 1-7 (best)",IX_1T7,Score 1-7,WEF_TTDI_RNK,Type: Rank,WEF_TTDI,Travel & Tourism Development Index (TTDI),0,Units,A,Normal value,PU,Public,33.0,55.0,66.0
A,Annual,SGP,Singapore,WEF_TTDI_TTDI_D_13,"Cultural Resources, 1-7 (best)",IX_1T7,Score 1-7,WEF_TTDI_SCR,Type: Score,WEF_TTDI,Travel & Tourism Development Index (TTDI),0,Units,A,Normal value,PU,Public,2.32778297122142,1.867007925832044,1.7518391936734925
A,Annual,SGP,Singapore,WEF_TTDI_TTDI_D_13,"Cultural Resources, 1-7 (best)",IX_1T7,Score 1-7,WEF_TTDI_VAL,Type: Value,WEF_TTDI,Travel & Tourism Development Index (TTDI),0,Units,A,Normal value,PU,Public,2.32778297122142,1.867007925832044,1.7518391936734925
A,Annual,SLE,Sierra Leone,WEF_TTDI_TTDI_D_13,"Cultural Resources, 1-7 (best)",IX_1T7,Score 1-7,WEF_TTDI_RNK,Type: Rank,WEF_TTDI,Travel & Tourism Development Index (TTDI),0,Units,A,Normal value,PU,Public,119.0,119.0,119.0
A,Annual,SLE,Sierra Leone,WEF_TTDI_TTDI_D_13,"Cultural Resources, 1-7 (best)",IX_1T7,Score 1-7,WEF_TTDI_SCR,Type: Score,WEF_TTDI,Travel & Tourism Development Index (TTDI),0,Units,A,Normal value,PU,Public,1.010078329586083,1.007629353304582,1.007610748232695
A,Annual,SLE,Sierra Leone,WEF_TTDI_TTDI_D_13,"Cultural Resources, 1-7 (best)",IX_1T7,Score 1-7,WEF_TTDI_VAL,Type: Value,WEF_TTDI,Travel & Tourism Development Index (TTDI),0,Units,A,Normal value,PU,Public,1.010078329586083,1.007629353304582,1.007610748232695
A,Annual,SLV,El Salvador,WEF_TTDI_TTDI_D_13,"Cultural Resources, 1-7 (best)",IX_1T7,Score 1-7,WEF_TTDI_RNK,Type: Rank,WEF_TTDI,Travel & Tourism Development Index (TTDI),0,Units,A,Normal value,PU,Public,96.0,115.0,116.0
A,Annual,SLV,El Salvador,WEF_TTDI_TTDI_D_13,"Cultural Resources, 1-7 (best)",IX_1T7,Score 1-7,WEF_TTDI_SCR,Type: Score,WEF_TTDI,Travel & Tourism Development Index (TTDI),0,Units,A,Normal value,PU,Public,1.2962701078054046,1.1665933375373343,1.1737059571418809
A,Annual,SLV,El Salvador,WEF_TTDI_TTDI_D_13,"Cultural Resources, 1-7 (best)",IX_1T7,Score 1-7,WEF_TTDI_VAL,Type: Value,WEF_TTDI,Travel & Tourism Development Index (TTDI),0,Units,A,Normal value,PU,Public,1.2962701078054046,1.1665933375373343,1.1737059571418809
A,Annual,SRB,Serbia,WEF_TTDI_TTDI_D_13,"Cultural Resources, 1-7 (best)",IX_1T7,Score 1-7,WEF_TTDI_RNK,Type: Rank,WEF_TTDI,Travel & Tourism Development Index (TTDI),0,Units,A,Normal value,PU,Public,85.0,65.0,67.0
A,Annual,SRB,Serbia,WEF_TTDI_TTDI_D_13,"Cultural Resources, 1-7 (best)",IX_1T7,Score 1-7,WEF_TTDI_SCR,Type: Score,WEF_TTDI,Travel & Tourism Development Index (TTDI),0,Units,A,Normal value,PU,Public,1.44354898098768,1.6661090821964586,1.7162633837675578
A,Annual,SRB,Serbia,WEF_TTDI_TTDI_D_13,"Cultural Resources, 1-7 (best)",IX_1T7,Score 1-7,WEF_TTDI_VAL,Type: Value,WEF_TTDI,Travel & Tourism Development Index (TTDI),0,Units,A,Normal value,PU,Public,1.44354898098768,1.6661090821964586,1.7162633837675578
A,Annual,SVK,Slovak Republic,WEF_TTDI_TTDI_D_13,"Cultural Resources, 1-7 (best)",IX_1T7,Score 1-7,WEF_TTDI_RNK,Type: Rank,WEF_TTDI,Travel & Tourism Development Index (TTDI),0,Units,A,Normal value,PU,Public,58.0,57.0,56.0
A,Annual,SVK,Slovak Republic,WEF_TTDI_TTDI_D_13,"Cultural Resources, 1-7 (best)",IX_1T7,Score 1-7,WEF_TTDI_SCR,Type: Score,WEF_TTDI,Travel & Tourism Development Index (TTDI),0,Units,A,Normal value,PU,Public,1.6911345011159715,1.7870278573411773,1.879910437134181
A,Annual,SVK,Slovak Republic,WEF_TTDI_TTDI_D_13,"Cultural Resources, 1-7 (best)",IX_1T7,Score 1-7,WEF_TTDI_VAL,Type: Value,WEF_TTDI,Travel & Tourism Development Index (TTDI),0,Units,A,Normal value,PU,Public,1.6911345011159715,1.7870278573411773,1.879910437134181
A,Annual,SVN,Slovenia,WEF_TTDI_TTDI_D_13,"Cultural Resources, 1-7 (best)",IX_1T7,Score 1-7,WEF_TTDI_RNK,Type: Rank,WEF_TTDI,Travel & Tourism Development Index (TTDI),0,Units,A,Normal value,PU,Public,73.0,80.0,75.0
A,Annual,SVN,Slovenia,WEF_TTDI_TTDI_D_13,"Cultural Resources, 1-7 (best)",IX_1T7,Score 1-7,WEF_TTDI_SCR,Type: Score,WEF_TTDI,Travel & Tourism Development Index (TTDI),0,Units,A,Normal value,PU,Public,1.5069730212852024,1.5163056446826513,1.615504616381918
A,Annual,SVN,Slovenia,WEF_TTDI_TTDI_D_13,"Cultural Resources, 1-7 (best)",IX_1T7,Score 1-7,WEF_TTDI_VAL,Type: Value,WEF_TTDI,Travel & Tourism Development Index (TTDI),0,Units,A,Normal value,PU,Public,1.5069730212852024,1.5163056446826513,1.615504616381918
A,Annual,SWE,Sweden,WEF_TTDI_TTDI_D_13,"Cultural Resources, 1-7 (best)",IX_1T7,Score 1-7,WEF_TTDI_RNK,Type: Rank,WEF_TTDI,Travel & Tourism Development Index (TTDI),0,Units,A,Normal value,PU,Public,35.0,42.0,37.0
A,Annual,SWE,Sweden,WEF_TTDI_TTDI_D_13,"Cultural Resources, 1-7 (best)",IX_1T7,Score 1-7,WEF_TTDI_SCR,Type: Score,WEF_TTDI,Travel & Tourism Development Index (TTDI),0,Units,A,Normal value,PU,Public,2.184990351380174,2.128178771076586,2.339357342102913
A,Annual,SWE,Sweden,WEF_TTDI_TTDI_D_13,"Cultural Resources, 1-7 (best)",IX_1T7,Score 1-7,WEF_TTDI_VAL,Type: Value,WEF_TTDI,Travel & Tourism Development Index (TTDI),0,Units,A,Normal value,PU,Public,2.184990351380174,2.128178771076586,2.339357342102913
A,Annual,THA,Thailand,WEF_TTDI_TTDI_D_13,"Cultural Resources, 1-7 (best)",IX_1T7,Score 1-7,WEF_TTDI_RNK,Type: Rank,WEF_TTDI,Travel & Tourism Development Index (TTDI),0,Units,A,Normal value,PU,Public,38.0,30.0,26.0
A,Annual,THA,Thailand,WEF_TTDI_TTDI_D_13,"Cultural Resources, 1-7 (best)",IX_1T7,Score 1-7,WEF_TTDI_SCR,Type: Score,WEF_TTDI,Travel & Tourism Development Index (TTDI),0,Units,A,Normal value,PU,Public,2.1469175726466965,2.6122640353721893,2.862876854627997
A,Annual,THA,Thailand,WEF_TTDI_TTDI_D_13,"Cultural Resources, 1-7 (best)",IX_1T7,Score 1-7,WEF_TTDI_VAL,Type: Value,WEF_TTDI,Travel & Tourism Development Index (TTDI),0,Units,A,Normal value,PU,Public,2.1469175726466965,2.6122640353721893,2.862876854627997
A,Annual,TJK,Tajikistan,WEF_TTDI_TTDI_D_13,"Cultural Resources, 1-7 (best)",IX_1T7,Score 1-7,WEF_TTDI_RNK,Type: Rank,WEF_TTDI,Travel & Tourism Development Index (TTDI),0,Units,A,Normal value,PU,Public,98.0,101.0,91.0
A,Annual,TJK,Tajikistan,WEF_TTDI_TTDI_D_13,"Cultural Resources, 1-7 (best)",IX_1T7,Score 1-7,WEF_TTDI_SCR,Type: Score,WEF_TTDI,Travel & Tourism Development Index (TTDI),0,Units,A,Normal value,PU,Public,1.287809893041649,1.2844945811570927,1.4601856071956172
A,Annual,TJK,Tajikistan,WEF_TTDI_TTDI_D_13,"Cultural Resources, 1-7 (best)",IX_1T7,Score 1-7,WEF_TTDI_VAL,Type: Value,WEF_TTDI,Travel & Tourism Development Index (TTDI),0,Units,A,Normal value,PU,Public,1.287809893041649,1.2844945811570927,1.4601856071956172
A,Annual,TTO,Trinidad and Tobago,WEF_TTDI_TTDI_D_13,"Cultural Resources, 1-7 (best)",IX_1T7,Score 1-7,WEF_TTDI_RNK,Type: Rank,WEF_TTDI,Travel & Tourism Development Index (TTDI),0,Units,A,Normal value,PU,Public,112.0,103.0,105.0
A,Annual,TTO,Trinidad and Tobago,WEF_TTDI_TTDI_D_13,"Cultural Resources, 1-7 (best)",IX_1T7,Score 1-7,WEF_TTDI_SCR,Type: Score,WEF_TTDI,Travel & Tourism Development Index (TTDI),0,Units,A,Normal value,PU,Public,1.1859488987093745,1.2775695310842257,1.2771990591146745
A,Annual,TTO,Trinidad and Tobago,WEF_TTDI_TTDI_D_13,"Cultural Resources, 1-7 (best)",IX_1T7,Score 1-7,WEF_TTDI_VAL,Type: Value,WEF_TTDI,Travel & Tourism Development Index (TTDI),0,Units,A,Normal value,PU,Public,1.1859488987093745,1.2775695310842257,1.2771990591146745
A,Annual,TUN,Tunisia,WEF_TTDI_TTDI_D_13,"Cultural Resources, 1-7 (best)",IX_1T7,Score 1-7,WEF_TTDI_RNK,Type: Rank,WEF_TTDI,Travel & Tourism Development Index (TTDI),0,Units,A,Normal value,PU,Public,69.0,60.0,61.0
A,Annual,TUN,Tunisia,WEF_TTDI_TTDI_D_13,"Cultural Resources, 1-7 (best)",IX_1T7,Score 1-7,WEF_TTDI_SCR,Type: Score,WEF_TTDI,Travel & Tourism Development Index (TTDI),0,Units,A,Normal value,PU,Public,1.5545163223751597,1.7083093189054317,1.8330153138766765
A,Annual,TUN,Tunisia,WEF_TTDI_TTDI_D_13,"Cultural Resources, 1-7 (best)",IX_1T7,Score 1-7,WEF_TTDI_VAL,Type: Value,WEF_TTDI,Travel & Tourism Development Index (TTDI),0,Units,A,Normal value,PU,Public,1.5545163223751597,1.7083093189054317,1.8330153138766765
A,Annual,TUR,Turkiye,WEF_TTDI_TTDI_D_13,"Cultural Resources, 1-7 (best)",IX_1T7,Score 1-7,WEF_TTDI_RNK,Type: Rank,WEF_TTDI,Travel & Tourism Development Index (TTDI),0,Units,A,Normal value,PU,Public,13.0,13.0,13.0
A,Annual,TUR,Turkiye,WEF_TTDI_TTDI_D_13,"Cultural Resources, 1-7 (best)",IX_1T7,Score 1-7,WEF_TTDI_SCR,Type: Score,WEF_TTDI,Travel & Tourism Development Index (TTDI),0,Units,A,Normal value,PU,Public,4.379099040582538,4.743830522239949,4.959746433249705
A,Annual,TUR,Turkiye,WEF_TTDI_TTDI_D_13,"Cultural Resources, 1-7 (best)",IX_1T7,Score 1-7,WEF_TTDI_VAL,Type: Value,WEF_TTDI,Travel & Tourism Development Index (TTDI),0,Units,A,Normal value,PU,Public,4.379099040582538,4.743830522239949,4.959746433249705
A,Annual,TZA,Tanzania,WEF_TTDI_TTDI_D_13,"Cultural Resources, 1-7 (best)",IX_1T7,Score 1-7,WEF_TTDI_RNK,Type: Rank,WEF_TTDI,Travel & Tourism Development Index (TTDI),0,Units,A,Normal value,PU,Public,64.0,68.0,78.0
A,Annual,TZA,Tanzania,WEF_TTDI_TTDI_D_13,"Cultural Resources, 1-7 (best)",IX_1T7,Score 1-7,WEF_TTDI_SCR,Type: Score,WEF_TTDI,Travel & Tourism Development Index (TTDI),0,Units,A,Normal value,PU,Public,1.6043970191867674,1.6008532235791415,1.606726500157391
A,Annual,TZA,Tanzania,WEF_TTDI_TTDI_D_13,"Cultural Resources, 1-7 (best)",IX_1T7,Score 1-7,WEF_TTDI_VAL,Type: Value,WEF_TTDI,Travel & Tourism Development Index (TTDI),0,Units,A,Normal value,PU,Public,1.6043970191867674,1.6008532235791415,1.606726500157391
A,Annual,UMC,Upper middle income,WEF_TTDI_TTDI_D_13,"Cultural Resources, 1-7 (best)",IX_1T7,Score 1-7,WEF_TTDI_SCR,Type: Score,WEF_TTDI,Travel & Tourism Development Index (TTDI),0,Units,A,Normal value,PU,Public,2.218325773506415,2.311854594935794,2.401601654051972
A,Annual,UMC,Upper middle income,WEF_TTDI_TTDI_D_13,"Cultural Resources, 1-7 (best)",IX_1T7,Score 1-7,WEF_TTDI_VAL,Type: Value,WEF_TTDI,Travel & Tourism Development Index (TTDI),0,Units,A,Normal value,PU,Public,2.218325773506415,2.311854594935794,2.401601654051972
A,Annual,URY,Uruguay,WEF_TTDI_TTDI_D_13,"Cultural Resources, 1-7 (best)",IX_1T7,Score 1-7,WEF_TTDI_RNK,Type: Rank,WEF_TTDI,Travel & Tourism Development Index (TTDI),0,Units,A,Normal value,PU,Public,57.0,59.0,68.0
A,Annual,URY,Uruguay,WEF_TTDI_TTDI_D_13,"Cultural Resources, 1-7 (best)",IX_1T7,Score 1-7,WEF_TTDI_SCR,Type: Score,WEF_TTDI,Travel & Tourism Development Index (TTDI),0,Units,A,Normal value,PU,Public,1.7253018929645112,1.7201437564777042,1.7124861428023923
A,Annual,URY,Uruguay,WEF_TTDI_TTDI_D_13,"Cultural Resources, 1-7 (best)",IX_1T7,Score 1-7,WEF_TTDI_VAL,Type: Value,WEF_TTDI,Travel & Tourism Development Index (TTDI),0,Units,A,Normal value,PU,Public,1.7253018929645112,1.7201437564777042,1.7124861428023923
A,Annual,USA,United States,WEF_TTDI_TTDI_D_13,"Cultural Resources, 1-7 (best)",IX_1T7,Score 1-7,WEF_TTDI_RNK,Type: Rank,WEF_TTDI,Travel & Tourism Development Index (TTDI),0,Units,A,Normal value,PU,Public,12.0,12.0,12.0
A,Annual,USA,United States,WEF_TTDI_TTDI_D_13,"Cultural Resources, 1-7 (best)",IX_1T7,Score 1-7,WEF_TTDI_SCR,Type: Score,WEF_TTDI,Travel & Tourism Development Index (TTDI),0,Units,A,Normal value,PU,Public,5.0678067521623245,4.962468422894929,5.055235053479628
A,Annual,USA,United States,WEF_TTDI_TTDI_D_13,"Cultural Resources, 1-7 (best)",IX_1T7,Score 1-7,WEF_TTDI_VAL,Type: Value,WEF_TTDI,Travel & Tourism Development Index (TTDI),0,Units,A,Normal value,PU,Public,5.0678067521623245,4.962468422894929,5.055235053479628
A,Annual,UZB,Uzbekistan,WEF_TTDI_TTDI_D_13,"Cultural Resources, 1-7 (best)",IX_1T7,Score 1-7,WEF_TTDI_RNK,Type: Rank,WEF_TTDI,Travel & Tourism Development Index (TTDI),0,Units,A,Normal value,PU,Public,68.0,62.0,58.0
A,Annual,UZB,Uzbekistan,WEF_TTDI_TTDI_D_13,"Cultural Resources, 1-7 (best)",IX_1T7,Score 1-7,WEF_TTDI_SCR,Type: Score,WEF_TTDI,Travel & Tourism Development Index (TTDI),0,Units,A,Normal value,PU,Public,1.5872298336269153,1.6893385480429584,1.852751575466462
A,Annual,UZB,Uzbekistan,WEF_TTDI_TTDI_D_13,"Cultural Resources, 1-7 (best)",IX_1T7,Score 1-7,WEF_TTDI_VAL,Type: Value,WEF_TTDI,Travel & Tourism Development Index (TTDI),0,Units,A,Normal value,PU,Public,1.5872298336269153,1.6893385480429584,1.852751575466462
A,Annual,VEN,"Venezuela, RB",WEF_TTDI_TTDI_D_13,"Cultural Resources, 1-7 (best)",IX_1T7,Score 1-7,WEF_TTDI_RNK,Type: Rank,WEF_TTDI,Travel & Tourism Development Index (TTDI),0,Units,A,Normal value,PU,Public,51.0,54.0,54.0
A,Annual,VEN,"Venezuela, RB",WEF_TTDI_TTDI_D_13,"Cultural Resources, 1-7 (best)",IX_1T7,Score 1-7,WEF_TTDI_SCR,Type: Score,WEF_TTDI,Travel & Tourism Development Index (TTDI),0,Units,A,Normal value,PU,Public,1.8346136406875264,1.8949862541210147,1.9674193257934744
A,Annual,VEN,"Venezuela, RB",WEF_TTDI_TTDI_D_13,"Cultural Resources, 1-7 (best)",IX_1T7,Score 1-7,WEF_TTDI_VAL,Type: Value,WEF_TTDI,Travel & Tourism Development Index (TTDI),0,Units,A,Normal value,PU,Public,1.8346136406875264,1.8949862541210147,1.9674193257934744
A,Annual,VNM,Viet Nam,WEF_TTDI_TTDI_D_13,"Cultural Resources, 1-7 (best)",IX_1T7,Score 1-7,WEF_TTDI_RNK,Type: Rank,WEF_TTDI,Travel & Tourism Development Index (TTDI),0,Units,A,Normal value,PU,Public,25.0,25.0,28.0
A,Annual,VNM,Viet Nam,WEF_TTDI_TTDI_D_13,"Cultural Resources, 1-7 (best)",IX_1T7,Score 1-7,WEF_TTDI_SCR,Type: Score,WEF_TTDI,Travel & Tourism Development Index (TTDI),0,Units,A,Normal value,PU,Public,2.553892083340258,2.7274797849565093,2.802894512545903
A,Annual,VNM,Viet Nam,WEF_TTDI_TTDI_D_13,"Cultural Resources, 1-7 (best)",IX_1T7,Score 1-7,WEF_TTDI_VAL,Type: Value,WEF_TTDI,Travel & Tourism Development Index (TTDI),0,Units,A,Normal value,PU,Public,2.553892083340258,2.7274797849565093,2.802894512545903
A,Annual,ZAF,South Africa,WEF_TTDI_TTDI_D_13,"Cultural Resources, 1-7 (best)",IX_1T7,Score 1-7,WEF_TTDI_RNK,Type: Rank,WEF_TTDI,Travel & Tourism Development Index (TTDI),0,Units,A,Normal value,PU,Public,27.0,26.0,30.0
A,Annual,ZAF,South Africa,WEF_TTDI_TTDI_D_13,"Cultural Resources, 1-7 (best)",IX_1T7,Score 1-7,WEF_TTDI_SCR,Type: Score,WEF_TTDI,Travel & Tourism Development Index (TTDI),0,Units,A,Normal value,PU,Public,2.5218837742829,2.677056579349089,2.671839792656073
A,Annual,ZAF,South Africa,WEF_TTDI_TTDI_D_13,"Cultural Resources, 1-7 (best)",IX_1T7,Score 1-7,WEF_TTDI_VAL,Type: Value,WEF_TTDI,Travel & Tourism Development Index (TTDI),0,Units,A,Normal value,PU,Public,2.5218837742829,2.677056579349089,2.671839792656073
A,Annual,ZMB,Zambia,WEF_TTDI_TTDI_D_13,"Cultural Resources, 1-7 (best)",IX_1T7,Score 1-7,WEF_TTDI_RNK,Type: Rank,WEF_TTDI,Travel & Tourism Development Index (TTDI),0,Units,A,Normal value,PU,Public,100.0,97.0,98.0
A,Annual,ZMB,Zambia,WEF_TTDI_TTDI_D_13,"Cultural Resources, 1-7 (best)",IX_1T7,Score 1-7,WEF_TTDI_SCR,Type: Score,WEF_TTDI,Travel & Tourism Development Index (TTDI),0,Units,A,Normal value,PU,Public,1.2736169222541212,1.3252055731874175,1.3678221674126267
A,Annual,ZMB,Zambia,WEF_TTDI_TTDI_D_13,"Cultural Resources, 1-7 (best)",IX_1T7,Score 1-7,WEF_TTDI_VAL,Type: Value,WEF_TTDI,Travel & Tourism Development Index (TTDI),0,Units,A,Normal value,PU,Public,1.2736169222541212,1.3252055731874175,1.3678221674126267
A,Annual,ZWE,Zimbabwe,WEF_TTDI_TTDI_D_13,"Cultural Resources, 1-7 (best)",IX_1T7,Score 1-7,WEF_TTDI_RNK,Type: Rank,WEF_TTDI,Travel & Tourism Development Index (TTDI),0,Units,A,Normal value,PU,Public,95.0,96.0,100.0
A,Annual,ZWE,Zimbabwe,WEF_TTDI_TTDI_D_13,"Cultural Resources, 1-7 (best)",IX_1T7,Score 1-7,WEF_TTDI_SCR,Type: Score,WEF_TTDI,Travel & Tourism Development Index (TTDI),0,Units,A,Normal value,PU,Public,1.3009508773276686,1.346869053531409,1.3439067406289646
A,Annual,ZWE,Zimbabwe,WEF_TTDI_TTDI_D_13,"Cultural Resources, 1-7 (best)",IX_1T7,Score 1-7,WEF_TTDI_VAL,Type: Value,WEF_TTDI,Travel & Tourism Development Index (TTDI),0,Units,A,Normal value,PU,Public,1.3009508773276686,1.346869053531409,1.3439067406289646
